"video_id","kind","iso2","country","speaker_role","title","url","published","transcript_status","words","fetched_at"
"8TOM5VQM3Qo","address","AL","Albania","Prime Minister","🇦🇱 Albania - Prime Minister Addresses United Nations General Debate, 81st Session | #UNGA","https://www.youtube.com/watch?v=8TOM5VQM3Qo","","ok","2326","2026-09-28T06:44:39Z"
"N7q6IYk6J7o","address","AD","Andorra","Head of Government","🇦🇩 Andorra - Head of Government Addresses United Nations General Debate, 81st Session | #UNGA","https://www.youtube.com/watch?v=N7q6IYk6J7o","","ok","2253","2026-09-28T06:44:42Z"
"M7zNTKIFlyw","address","AO","Angola","President","🇦🇴 Angola -  President Addresses United Nations General Debate, 81st Session | #UNGA","https://www.youtube.com/watch?v=M7zNTKIFlyw","","ok","2574","2026-09-28T06:44:45Z"
"YBPHvu1PVAc","address","AR","Argentina","President","🇦🇷 Argentina - President Addresses United Nations General Debate, 81st Session | #UNGA","https://www.youtube.com/watch?v=YBPHvu1PVAc","","ok","3095","2026-09-28T06:44:47Z"
"1EnrCqI_BWE","address","AM","Armenia","Prime Minister","🇦🇲 Armenia - Prime Minister Addresses United Nations General Debate, 81st Session | #UNGA","https://www.youtube.com/watch?v=1EnrCqI_BWE","","ok","1900","2026-09-28T06:44:49Z"
"En7gvTuEIaI","address","AU","Australia","Prime Minister","🇦🇺 Australia -  Prime Minister Addresses United Nations General Assembly 81st Session | #UNGA","https://www.youtube.com/watch?v=En7gvTuEIaI","","ok","2359","2026-09-28T06:44:51Z"
"9Mqooi_q9pQ","address","AT","Austria","Federal Minister","🇦🇹 Austria - Federal Minister Addresses United Nations General Debate, 81st Session | #UNGA","https://www.youtube.com/watch?v=9Mqooi_q9pQ","","ok","1658","2026-09-28T06:44:54Z"
"QumNUrflzgE","address","AZ","Azerbaijan","Foreign Minister","🇦🇿 Azerbaijan - Foreign Minister Addresses United Nations General Assembly 81st Session | #UNGA","https://www.youtube.com/watch?v=QumNUrflzgE","","ok","2152","2026-09-28T06:44:57Z"
"aO0I768pLHg","address","BS","Bahamas","Prime Minister","🇧🇸 Bahamas - Prime Minister Addresses United Nations General Debate, 81st Session | #UNGA","https://www.youtube.com/watch?v=aO0I768pLHg","","ok","2395","2026-09-28T06:44:59Z"
"gl6EGofcv2U","address","BH","Bahrain","Minister for Foreign Affairs","🇧🇭 Bahrain - Minister for Foreign Affairs Addresses UN General Debate, 81st Session | #UNGA","https://www.youtube.com/watch?v=gl6EGofcv2U","","ok","2498","2026-09-28T06:45:01Z"
"ziBj9O2kMo0","address","BD","Bangladesh","Prime Minister","🇧🇩 Bangladesh -  Prime Minister Addresses United Nations General Assembly 81st Session | #UNGA","https://www.youtube.com/watch?v=ziBj9O2kMo0","","ok","2331","2026-09-28T06:45:04Z"
"MnD2ANODy_Q","address","BB","Barbados","Prime Minister","🇧🇧 Barbados - Prime Minister Addresses United Nations General Assembly 81st Session | #UNGA","https://www.youtube.com/watch?v=MnD2ANODy_Q","","ok","4312","2026-09-28T06:45:06Z"
"nrMuMkobNeo","address","BY","Belarus","Foreign Minister","🇧🇾 Belarus - Foreign Minister Addresses United Nations General Debate, 81st Session | #UNGA","https://www.youtube.com/watch?v=nrMuMkobNeo","","ok","2645","2026-09-28T06:45:09Z"
"2XML5mQ_XZM","address","BE","Belgium","Deputy Prime Minister","🇧🇪 Belgium - Deputy Prime Minister Addresses United Nations General Debate, 81st Session | #UNGA","https://www.youtube.com/watch?v=2XML5mQ_XZM","","ok","3004","2026-09-28T06:45:11Z"
"2U2M_4Nycqc","address","BZ","Belize","Prime Minister","🇧🇿 Belize - Prime Minister Addresses United Nations General Debate, 81st Session | #UNGA","https://www.youtube.com/watch?v=2U2M_4Nycqc","","ok","2458","2026-09-28T06:45:14Z"
"Q9DOMNohiss","address","BT","Bhutan","Prime Minister","🇧🇹 Bhutan - Prime Minister Addresses United Nations General Debate, 81st Session | #UNGA","https://www.youtube.com/watch?v=Q9DOMNohiss","","ok","1856","2026-09-28T06:45:16Z"
"hulJBFJUvQM","address","BO","Bolivia","Constitutional President","🇧🇴 Bolivia - Constitutional President Addresses United Nations General Debate, 81st Session | #UNGA","https://www.youtube.com/watch?v=hulJBFJUvQM","","ok","2563","2026-09-28T06:45:19Z"
"XWhrppwTa9M","address","BA","Bosnia and Herzegovina","Chairman of the Presidency","🇧🇦 Bosnia and Herzegovina - Chairman of the Presidency Addresses UN General Debate, 81st Session","https://www.youtube.com/watch?v=XWhrppwTa9M","","ok","1540","2026-09-28T06:45:21Z"
"IHnuNlH7eyw","address","BW","Botswana","President","🇧🇼 Botswana - President Addresses United Nations General Debate, 81st Session | #UNGA","https://www.youtube.com/watch?v=IHnuNlH7eyw","","ok","1803","2026-09-28T06:45:24Z"
"mktMnyUq8t0","address","BR","Brazil","President","🇧🇷 Brazil - President Addresses United Nations General Debate, 81st Session | #UNGA","https://www.youtube.com/watch?v=mktMnyUq8t0","","ok","2521","2026-09-28T06:45:26Z"
"jDLf_zSlV0k","address","BN","Brunei Darussalam","Foreign Minister","🇧🇳 Brunei Darussalam - Foreign Minister Addresses United Nations General Debate, 81st Session","https://www.youtube.com/watch?v=jDLf_zSlV0k","","ok","1416","2026-09-28T06:45:29Z"
"KmITYm9o2ik","address","BG","Bulgaria","President","🇧🇬 Bulgaria - President Addresses United Nations General Debate, 81st Session | #UNGA","https://www.youtube.com/watch?v=KmITYm9o2ik","","ok","1924","2026-09-28T06:45:32Z"
"CJEYdiX0FLE","address","BI","Burundi","President","🇧🇮 Burundi - President Addresses United Nations General Debate, 81st Session | #UNGA","https://www.youtube.com/watch?v=CJEYdiX0FLE","","ok","2761","2026-09-28T06:45:34Z"
"FBTdAVHSvw0","address","CV","Cabo Verde","Prime Minister","🇨🇻 Cabo Verde - Prime Minister Addresses United Nations General Debate, 81st Session | #UNGA","https://www.youtube.com/watch?v=FBTdAVHSvw0","","ok","1373","2026-09-28T06:45:37Z"
"hayZh-vWtsQ","address","KH","Cambodia","Deputy Prime Minister","🇰🇭 Cambodia - Deputy Prime Minister Addresses United Nations General Debate, 81st Session | #UNGA","https://www.youtube.com/watch?v=hayZh-vWtsQ","","ok","1517","2026-09-28T06:45:39Z"
"_Wjvf2jJols","address","CM","Cameroon","Foreign Minister","🇨🇲 Cameroon - Foreign Minister Addresses United Nations General Assembly 81st Session | #UNGA","https://www.youtube.com/watch?v=_Wjvf2jJols","","ok","1357","2026-09-28T06:45:41Z"
"J6a9lGqO4kk","address","CA","Canada","Foreign Minister","🇨🇦 Canada - Foreign Minister Addresses United Nations General Debate, 81st Session | #UNGA","https://www.youtube.com/watch?v=J6a9lGqO4kk","","error:IpBlocked","",""
"rB3FB3o4vfk","address","CF","Central African Republic","Head of State","🇨🇫 Central African Republic - Head of State Addresses United Nations General Debate, 81st Session","https://www.youtube.com/watch?v=rB3FB3o4vfk","","","",""
"jpu9wyrfi1U","address","TD","Chad","Minister of Public Health and Prevention","🇹🇩 Chad - Minister of Public Health and Prevention Addresses UN General Debate, 81st Session | #UNGA","https://www.youtube.com/watch?v=jpu9wyrfi1U","","","",""
"4TKETcsRJwQ","address","CL","Chile","President","🇨🇱 Chile - President Addresses United Nations General Debate, 81st Session | #UNGA","https://www.youtube.com/watch?v=4TKETcsRJwQ","","","",""
"Lnw1sY5eLiE","address","CN","China","Vice President","🇨🇳 China - Vice President Addresses United Nations General Debate, 81st Session | #UNGA","https://www.youtube.com/watch?v=Lnw1sY5eLiE","","","",""
"q3xsQIou-t0","address","CO","Colombia","Vice President","🇨🇴 Colombia - Vice President Addresses United Nations General Debate, 81st Session | #UNGA","https://www.youtube.com/watch?v=q3xsQIou-t0","","","",""
"W8DCTH_sqvI","address","KM","Comoros","President","🇰🇲 Comoros - President Addresses United Nations General Debate, 81st Session | #UNGA","https://www.youtube.com/watch?v=W8DCTH_sqvI","","","",""
"ZMF-H87mefc","address","HR","Croatia","Prime Minister","🇭🇷 Croatia - Prime Minister Addresses United Nations General Assembly 81st Session | #UNGA","https://www.youtube.com/watch?v=ZMF-H87mefc","","","",""
"utivTYXBmoA","address","CU","Cuba","Minister for Foreign Affairs","🇨🇺 Cuba - Minister for Foreign Affairs Addresses United Nations General Debate, 81st Session | #UNGA","https://www.youtube.com/watch?v=utivTYXBmoA","","","",""
"EzTk2yrlxMg","address","CY","Cyprus","President","🇨🇾 Cyprus - President Addresses United Nations General Debate, 81st Session | #UNGA","https://www.youtube.com/watch?v=EzTk2yrlxMg","","","",""
"CzkLcVWYuO0","address","CZ","Czechia","President","🇨🇿 Czechia - President Addresses United Nations General Debate, 81st Session | #UNGA","https://www.youtube.com/watch?v=CzkLcVWYuO0","","","",""
"WzbnE7StssA","address","CI","Côte d'Ivoire","Vice President","🇨🇮 Côte d'Ivoire - Vice President Addresses United Nations General Assembly 81st Session | #UNGA","https://www.youtube.com/watch?v=WzbnE7StssA","","","",""
"Ask6M7eySMM","address","CD","Democratic Republic of the Congo","Prime Minister","🇨🇩 Democratic Republic of the Congo - Prime Minister Addresses UN General Assembly 81st Session","https://www.youtube.com/watch?v=Ask6M7eySMM","","","",""
"qYTqucfm8Xo","address","DJ","Djibouti","Foreign Minister","🇩🇯 Djibouti - Foreign Minister Addresses United Nations General Assembly 81st Session | #UNGA","https://www.youtube.com/watch?v=qYTqucfm8Xo","","","",""
"aAt9O0slj-8","address","DM","Dominica","President","🇩🇲 Dominica - President Addresses United Nations General Debate, 81st Session | #UNGA","https://www.youtube.com/watch?v=aAt9O0slj-8","","","",""
"JTrXYjUWfJk","address","DO","Dominican Republic","President","🇩🇴 Dominican Republic - President Addresses United Nations General Debate, 81st Session | #UNGA","https://www.youtube.com/watch?v=JTrXYjUWfJk","","","",""
"nRMcr-jPnRw","address","EC","Ecuador","Constitutional President","🇪🇨 Ecuador - Constitutional President Addresses United Nations General Debate, 81st Session | #UNGA","https://www.youtube.com/watch?v=nRMcr-jPnRw","","","",""
"uOApI6anaNg","address","EG","Egypt","Prime Minister","🇪🇬 Egypt - Prime Minister Addresses United Nations General Debate, 81st Session | #UNGA","https://www.youtube.com/watch?v=uOApI6anaNg","","","",""
"Ic-1BmXomcc","address","GQ","Equatorial Guinea","Vice President","🇬🇶 Equatorial Guinea - Vice President Addresses United Nations General Debate, 81st Session | #UNGA","https://www.youtube.com/watch?v=Ic-1BmXomcc","","","",""
"e9sStKXu0J8","address","EE","Estonia","President","🇪🇪 Estonia - President Addresses United Nations General Debate, 81st Session | #UNGA","https://www.youtube.com/watch?v=e9sStKXu0J8","","","",""
"1-ewayJ7Fs0","address","SZ","Eswatini","Head of State","🇸🇿 Eswatini - Head of State Addresses United Nations General Assembly 81st Session | #UNGA","https://www.youtube.com/watch?v=1-ewayJ7Fs0","","","",""
"vV3GjZxQZCQ","address","ET","Ethiopia","President","🇪🇹 Ethiopia - President Addresses United Nations General Debate, 81st Session | #UNGA","https://www.youtube.com/watch?v=vV3GjZxQZCQ","","","",""
"PDeuurJCFDU","address","EU","European Union","President","🇪🇺 European Union - President Addresses United Nations General Debate, 81st Session | #UNGA","https://www.youtube.com/watch?v=PDeuurJCFDU","","","",""
"IYqcUvxmGhk","address","FJ","Fiji","President","🇫🇯 Fiji - President Addresses United Nations General Debate, 81st Session | #UNGA","https://www.youtube.com/watch?v=IYqcUvxmGhk","","","",""
"Ct9hIkPmbYg","address","FI","Finland","President","🇫🇮 Finland - President Addresses United Nations General Debate, 81st Session | #UNGA","https://www.youtube.com/watch?v=Ct9hIkPmbYg","","","",""
"3_d8doI4SlU","address","FR","France","President","🇫🇷 France -  President Addresses United Nations General Debate, 81st Session | #UNGA","https://www.youtube.com/watch?v=3_d8doI4SlU","","","",""
"yhbILw63f0w","address","GA","Gabon","Foreign Minister","🇬🇦 Gabon - Foreign Minister Addresses United Nations General Debate, 81st Session | #UNGA","https://www.youtube.com/watch?v=yhbILw63f0w","","","",""
"mdTEVHQsg6s","address","GM","Gambia","Vice President","🇬🇲 Gambia - Vice President Addresses United Nations General Debate, 81st Session | #UNGA","https://www.youtube.com/watch?v=mdTEVHQsg6s","","","",""
"vQspFC5KjMk","address","GE","Georgia","Prime Minister","🇬🇪 Georgia - Prime Minister Addresses United Nations General Debate, 81st Session | #UNGA","https://www.youtube.com/watch?v=vQspFC5KjMk","","","",""
"Pd9pwQqCQSg","address","DE","Germany","Federal Minister for Foreign Affairs","🇩🇪 Germany - Federal Minister for Foreign Affairs Addresses UN General Debate, 81st Session | #UNGA","https://www.youtube.com/watch?v=Pd9pwQqCQSg","","","",""
"Oh-4gmbxa_s","address","GH","Ghana","President","🇬🇭 Ghana - President Addresses United Nations General Debate, 81st Session | #UNGA","https://www.youtube.com/watch?v=Oh-4gmbxa_s","","","",""
"_NZUkod7lUM","address","GR","Greece","Prime Minister","🇬🇷 Greece - Prime Minister Addresses United Nations General Debate, 81st Session | #UNGA","https://www.youtube.com/watch?v=_NZUkod7lUM","","","",""
"s8Q3bKOVOIU","address","GT","Guatemala","Minister for Foreign Affairs","🇬🇹 Guatemala - Minister for Foreign Affairs Addresses UN General Debate, 81st Session | #UNGA","https://www.youtube.com/watch?v=s8Q3bKOVOIU","","","",""
"q1sjwQBZAyk","address","GN","Guinea","President","🇬🇳 Guinea - President Addresses United Nations General Debate, 81st Session | #UNGA","https://www.youtube.com/watch?v=q1sjwQBZAyk","","","",""
"olAWk2fcY6g","address","GW","Guinea-Bissau","Prime Minister","🇬🇼 Guinea-Bissau - Prime Minister Addresses United Nations General Debate, 81st Session | #UNGA","https://www.youtube.com/watch?v=olAWk2fcY6g","","","",""
"EBn9gBA4Ow4","address","GY","Guyana","President","🇬🇾 Guyana - President Addresses United Nations General Debate, 81st Session | #UNGA","https://www.youtube.com/watch?v=EBn9gBA4Ow4","","","",""
"2ecNN-Z4EJA","address","HT","Haiti","Prime Minister","🇭🇹 Haiti -  Prime Minister Addresses United Nations General Assembly 81st Session | #UNGA","https://www.youtube.com/watch?v=2ecNN-Z4EJA","","","",""
"GkZFomdIKD8","address","VA","Holy See","Secretary of State","🇻🇦 Holy See - Secretary of State Addresses United Nations General Debate, 81st Session | #UNGA","https://www.youtube.com/watch?v=GkZFomdIKD8","","","",""
"87iCbMuugfU","address","HN","Honduras","President","🇭🇳 Honduras - President Addresses United Nations General Debate, 81st Session | #UNGA","https://www.youtube.com/watch?v=87iCbMuugfU","","","",""
"g-0nmhf5JXU","address","HU","Hungary","President","🇭🇺 Hungary - President Addresses United Nations General Debate, 81st Session | #UNGA","https://www.youtube.com/watch?v=g-0nmhf5JXU","","","",""
"iUXOE4G07BU","address","IS","Iceland","Foreign Minister","🇮🇸 Iceland - Foreign Minister Addresses United Nations General Debate, 81st Session | #UNGA","https://www.youtube.com/watch?v=iUXOE4G07BU","","","",""
"CuSDv4Ftiow","address","IN","India","Minister for External Affairs","🇮🇳 India - Minister for External Affairs Addresses UN General Debate, 81st Session | #UNGA","https://www.youtube.com/watch?v=CuSDv4Ftiow","","","",""
"UeE9RZK7K2o","address","ID","Indonesia","Foreign Minister","🇮🇩 Indonesia - Foreign Minister Addresses United Nations General Debate, 81st Session | #UNGA","https://www.youtube.com/watch?v=UeE9RZK7K2o","","","",""
"WUsRJ4TLbio","address","IR","Iran","President","🇮🇷 Iran - President Addresses United Nations General Debate, 81st Session | #UNGA","https://www.youtube.com/watch?v=WUsRJ4TLbio","","","",""
"w-oFlcoDr3E","address","IQ","Iraq","Prime Minister","🇮🇶 Iraq -  Prime Minister Addresses United Nations General Debate, 81st Session | #UNGA","https://www.youtube.com/watch?v=w-oFlcoDr3E","","","",""
"7GzI0WnMPWA","address","IE","Ireland","Taoiseach","🇮🇪 Ireland - Taoiseach Addresses United Nations General Debate, 81st Session | #UNGA","https://www.youtube.com/watch?v=7GzI0WnMPWA","","","",""
"0ZcB4snPFSc","address","IL","Israel","Prime Minister","🇮🇱 Israel - Prime Minister Addresses United Nations General Debate, 81st Session | #UNGA","https://www.youtube.com/watch?v=0ZcB4snPFSc","","","",""
"LbKfjlBTxsE","address","IT","Italy","Prime Minister","🇮🇹 Italy - Prime Minister Addresses United Nations General Debate, 81st Session | #UNGA","https://www.youtube.com/watch?v=LbKfjlBTxsE","","","",""
"UiXOnmM3gsg","address","JM","Jamaica","Foreign Minister","🇯🇲 Jamaica - Foreign Minister Addresses United Nations General Assembly 81st Session | #UNGA","https://www.youtube.com/watch?v=UiXOnmM3gsg","","","",""
"8skU84PCfIk","address","JP","Japan","Prime Minister","🇯🇵 Japan - Prime Minister Addresses United Nations General Assembly 81st Session | #UNGA","https://www.youtube.com/watch?v=8skU84PCfIk","","","",""
"D-RSH2Hrz7k","address","JO","Jordan","King","🇯🇴 Jordan - King Addresses United Nations General Debate, 81st Session | #UNGA","https://www.youtube.com/watch?v=D-RSH2Hrz7k","","","",""
"3xKgJBbzz7E","address","KZ","Kazakhstan","Minister for Foreign Affairs","🇰🇿 Kazakhstan - Minister for Foreign Affairs Addresses UN General Debate, 81st Session | #UNGA","https://www.youtube.com/watch?v=3xKgJBbzz7E","","","",""
"lvl0nQMAZ9I","address","KE","Kenya","President","🇰🇪 Kenya - President Addresses United Nations General Debate, 81st Session | #UNGA","https://www.youtube.com/watch?v=lvl0nQMAZ9I","","","",""
"J_wnDKwXMKg","address","KI","Kiribati","President","🇰🇮 Kiribati - President Addresses United Nations General Debate, 81st Session | #UNGA","https://www.youtube.com/watch?v=J_wnDKwXMKg","","","",""
"C-xyLYjnEP4","address","KW","Kuwait","Crown Prince","🇰🇼 Kuwait - Crown Prince Addresses United Nations General Debate, 81st Session | #UNGA","https://www.youtube.com/watch?v=C-xyLYjnEP4","","","",""
"suR3k5gYq4k","address","KG","Kyrgyzstan","President","🇰🇬 Kyrgyzstan - President Addresses United Nations General Debate, 81st Session | #UNGA","https://www.youtube.com/watch?v=suR3k5gYq4k","","","",""
"GxzETAmL1sw","address","LA","Lao People's Democratic Republic","Deputy Prime Minister","🇱🇦 Lao People's Democratic Republic - Deputy Prime Minister Addresses UN General Debate 81st Session","https://www.youtube.com/watch?v=GxzETAmL1sw","","","",""
"Q4lG8xQU8c0","address","LV","Latvia","President","🇱🇻 Latvia - President Addresses United Nations General Debate, 81st Session | #UNGA","https://www.youtube.com/watch?v=Q4lG8xQU8c0","","","",""
"GtP06obtZaE","address","LB","Lebanon","Head of Government","🇱🇧 Lebanon - Head of Government Addresses United Nations General Debate, 81st Session | #UNGA","https://www.youtube.com/watch?v=GtP06obtZaE","","","",""
"FRqig0GwFT0","address","LS","Lesotho","Prime Minister","🇱🇸 Lesotho - Prime Minister Addresses United Nations General Debate, 81st Session | #UNGA","https://www.youtube.com/watch?v=FRqig0GwFT0","","","",""
"HNGOKQkTfjs","address","LR","Liberia","President","🇱🇷 Liberia - President Addresses United Nations General Debate, 81st Session | #UNGA","https://www.youtube.com/watch?v=HNGOKQkTfjs","","","",""
"66sKwPBNaVM","address","LY","Libya","President","🇱🇾 Libya - President Addresses United Nations General Debate, 81st Session | #UNGA","https://www.youtube.com/watch?v=66sKwPBNaVM","","","",""
"8v7W03qBVC4","address","LI","Liechtenstein","Deputy Prime Minister","🇱🇮 Liechtenstein - Deputy Prime Minister Addresses United Nations General Debate, 81st Session","https://www.youtube.com/watch?v=8v7W03qBVC4","","","",""
"OEu5o3KvbxM","address","LT","Lithuania","President","🇱🇹 Lithuania - President Addresses United Nations General Debate, 81st Session | #UNGA","https://www.youtube.com/watch?v=OEu5o3KvbxM","","","",""
"i_N1bg8v3cI","address","LU","Luxembourg","Grand Duke","🇱🇺 Luxembourg - Grand Duke Addresses United Nations General Debate, 81st Session | #UNGA","https://www.youtube.com/watch?v=i_N1bg8v3cI","","","",""
"6sJZwNwB5vU","address","MG","Madagascar","President","🇲🇬 Madagascar - President Addresses United Nations General Debate, 81st Session | #UNGA","https://www.youtube.com/watch?v=6sJZwNwB5vU","","","",""
"UiNwYXcmjb8","address","MY","Malaysia","Foreign Minister","🇲🇾 Malaysia - Foreign Minister Addresses United Nations General Debate, 81st Session | #UNGA","https://www.youtube.com/watch?v=UiNwYXcmjb8","","","",""
"HDVIIPEIKcQ","address","MV","Maldives","Vice President","🇲🇻 Maldives - Vice President Addresses United Nations General Debate, 81st Session | #UNGA","https://www.youtube.com/watch?v=HDVIIPEIKcQ","","","",""
"h_HqdtA08Cg","address","ML","Mali","Foreign Minister","🇲🇱 Mali - Foreign Minister Addresses United Nations General Debate, 81st Session | #UNGA","https://www.youtube.com/watch?v=h_HqdtA08Cg","","","",""
"BeLncM4uDPI","address","MT","Malta","Prime Minister","🇲🇹 Malta - Prime Minister Addresses United Nations General Debate, 81st Session | #UNGA","https://www.youtube.com/watch?v=BeLncM4uDPI","","","",""
"d8vsUIpTdcg","address","MH","Marshall Islands","President","🇲🇭 Marshall Islands - President Addresses United Nations General Debate, 81st Session | #UNGA","https://www.youtube.com/watch?v=d8vsUIpTdcg","","","",""
"FOe5-WJKQXo","address","MR","Mauritania","Foreign Minister","🇲🇷 Mauritania - Foreign Minister Addresses United Nations General Assembly 81st Session | #UNGA","https://www.youtube.com/watch?v=FOe5-WJKQXo","","","",""
"DXHHyPaKNwI","address","MU","Mauritius","Foreign Minister","🇲🇷 Mauritius - Foreign Minister Addresses United Nations General Assembly 81st Session | #UNGA","https://www.youtube.com/watch?v=DXHHyPaKNwI","","","",""
"FmPxmArXt7E","address","MX","Mexico","Minister for Foreign Affairs","🇲🇽 Mexico - Minister for Foreign Affairs Addresses UN General Debate, 81st Session | #UNGA","https://www.youtube.com/watch?v=FmPxmArXt7E","","","",""
"musW-fEJUEw","address","FM","Micronesia","Vice President","🇫🇲 Micronesia - Vice President Addresses United Nations General Debate, 81st Session | #UNGA","https://www.youtube.com/watch?v=musW-fEJUEw","","","",""
"rsVMOdEHpDk","address","MD","Moldova","Prime Minister","🇲🇩 Moldova - Prime Minister Addresses United Nations General Debate, 81st Session | #UNGA","https://www.youtube.com/watch?v=rsVMOdEHpDk","","","",""
"rSR4N0q4dw4","address","MC","Monaco","Minister of State","🇲🇨 Monaco - Minister of State Addresses United Nations General Debate, 81st Session | #UNGA","https://www.youtube.com/watch?v=rSR4N0q4dw4","","","",""
"8bPDmsM6k_c","address","MN","Mongolia","President","🇲🇳 Mongolia - President Addresses United Nations General Debate, 81st Session | #UNGA","https://www.youtube.com/watch?v=8bPDmsM6k_c","","","",""
"ASnplaINeO8","address","ME","Montenegro","President","🇲🇪 Montenegro -  President Addresses United Nations General Assembly 81st Session | #UNGA","https://www.youtube.com/watch?v=ASnplaINeO8","","","",""
"05hxoIszjUA","address","MA","Morocco","Foreign Minister","🇲🇦 Morocco - Foreign Minister Addresses United Nations General Debate, 81st Session | #UNGA","https://www.youtube.com/watch?v=05hxoIszjUA","","","",""
"JsP2fB162Fs","address","MZ","Mozambique","President","🇲🇿 Mozambique -  President Addresses United Nations General Debate, 81st Session | #UNGA","https://www.youtube.com/watch?v=JsP2fB162Fs","","","",""
"WnSyajIfhTY","address","NA","Namibia","President","🇳🇦 Namibia -  President Addresses United Nations General Debate, 81st Session | #UNGA","https://www.youtube.com/watch?v=WnSyajIfhTY","","","",""
"lnfE3bZs5gY","address","NR","Naoero","President","🇳🇷 Naoero - President Addresses United Nations General Debate, 81st Session | #UNGA","https://www.youtube.com/watch?v=lnfE3bZs5gY","","","",""
"ox5RUYZ-U-U","address","NP","Nepal","Prime Minister","🇳🇵 Nepal - Prime Minister Addresses United Nations General Assembly 81st Session | #UNGA","https://www.youtube.com/watch?v=ox5RUYZ-U-U","","","",""
"waTVUY2hVU8","address","NL","Netherlands","Prime Minister","🇳🇱 Netherlands - Prime Minister Addresses United Nations General Debate, 81st Session | #UNGA","https://www.youtube.com/watch?v=waTVUY2hVU8","","","",""
"yzBZyEw5LMY","address","NI","Nicaragua","Foreign Minister","🇳🇮 Nicaragua - Foreign Minister Addresses United Nations General Debate, 81st Session | #UNGA","https://www.youtube.com/watch?v=yzBZyEw5LMY","","","",""
"AKOpOmTYO3s","address","NE","Niger","Prime Minister","🇳🇪 Niger - Prime Minister Addresses United Nations General Debate, 81st Session | #UNGA","https://www.youtube.com/watch?v=AKOpOmTYO3s","","","",""
"5VaeG8atI3k","address","NG","Nigeria","Vice President","🇳🇬 Nigeria - Vice President Addresses United Nations General Debate, 81st Session | #UNGA","https://www.youtube.com/watch?v=5VaeG8atI3k","","","",""
"k4A7JfpwgZI","address","MK","North Macedonia","President of the Government","🇲🇰 North Macedonia - President of the Government Addresses UN General Debate, 81st Session","https://www.youtube.com/watch?v=k4A7JfpwgZI","","","",""
"WdZUDYNqXyI","address","NO","Norway","Foreign Minister","🇳🇴 Norway - Foreign Minister Addresses United Nations General Assembly 81st Session | #UNGA","https://www.youtube.com/watch?v=WdZUDYNqXyI","","","",""
"ZEke1xl5YGw","address","OM","Oman","Foreign Minister","🇴🇲 Oman - Foreign Minister Addresses United Nations General Debate, 81st Session | #UNGA","https://www.youtube.com/watch?v=ZEke1xl5YGw","","","",""
"rm0vxHCCFJo","address","PK","Pakistan","Prime Minister","🇵🇰 Pakistan - Prime Minister Addresses United Nations General Debate, 81st Session | #UNGA","https://www.youtube.com/watch?v=rm0vxHCCFJo","","","",""
"HlV7Zp4iOLk","address","PW","Palau","President","🇵🇼 Palau - President Addresses United Nations General Debate, 81st Session | #UNGA","https://www.youtube.com/watch?v=HlV7Zp4iOLk","","","",""
"AZbtJGqUvjI","address","PA","Panama","President","🇵🇦 Panama - President Addresses United Nations General Debate, 81st Session | #UNGA","https://www.youtube.com/watch?v=AZbtJGqUvjI","","","",""
"CCxbQdjb_A8","address","PG","Papua New Guinea","Prime Minister","🇵🇬 Papua New Guinea - Prime Minister Addresses United Nations General Debate, 81st Session | #UNGA","https://www.youtube.com/watch?v=CCxbQdjb_A8","","","",""
"OQWO6FHvNLQ","address","PY","Paraguay","President","🇵🇾 Paraguay - President Addresses United Nations General Debate, 81st Session | #UNGA","https://www.youtube.com/watch?v=OQWO6FHvNLQ","","","",""
"rm3FrBhEon8","address","PE","Peru","President","🇵🇪 Peru - President Addresses United Nations General Debate, 81st Session | #UNGA","https://www.youtube.com/watch?v=rm3FrBhEon8","","","",""
"sd08XAWI1lU","address","PH","Philippines","Foreign Secretary","🇵🇭 Philippines - Foreign Secretary Addresses United Nations General Debate, 81st Session | #UNGA","https://www.youtube.com/watch?v=sd08XAWI1lU","","","",""
"GNALugvzquc","address","PL","Poland","President","🇵🇱 Poland - President Addresses United Nations General Assembly 81st Session | #UNGA","https://www.youtube.com/watch?v=GNALugvzquc","","","",""
"ltHj2sckE4U","address","PT","Portugal","Prime Minister","🇵🇹 Portugal - Prime Minister Addresses United Nations General Debate, 81st Session | #UNGA","https://www.youtube.com/watch?v=ltHj2sckE4U","","","",""
"CMGQWtxfsoI","address","QA","Qatar","Amir","🇶🇦 Qatar - Amir Addresses United Nations General Debate, 81st Session | #UNGA","https://www.youtube.com/watch?v=CMGQWtxfsoI","","","",""
"-Cza8PzUo7o","address","KR","Republic of Korea","President","🇰🇷 Republic of Korea - President Addresses United Nations General Debate, 81st Session | #UNGA","https://www.youtube.com/watch?v=-Cza8PzUo7o","","","",""
"kjPs1E8XCno","address","RO","Romania","President","🇷🇴 Romania - President Addresses United Nations General Debate, 81st Session | #UNGA","https://www.youtube.com/watch?v=kjPs1E8XCno","","","",""
"MTtO-YXn0Co","address","RU","Russian Federation","Foreign Minister","🇷🇺 Russian Federation - Foreign Minister Addresses United Nations General Debate, 81st Session","https://www.youtube.com/watch?v=MTtO-YXn0Co","","","",""
"GSPtinjfhhI","address","RW","Rwanda","Prime Minister","🇷🇼 Rwanda - Prime Minister Addresses United Nations General Debate, 81st Session | #UNGA","https://www.youtube.com/watch?v=GSPtinjfhhI","","","",""
"lBQkC6GghCo","address","KN","Saint Kitts and Nevis","Deputy Prime Minister","🇰🇳 Saint Kitts and Nevis - Deputy Prime Minister Addresses UN General Assembly 81st Session | #UNGA","https://www.youtube.com/watch?v=lBQkC6GghCo","","","",""
"ocxTNopUYVE","address","LC","Saint Lucia","Prime Minister","🇱🇨 Saint Lucia - Prime Minister Addresses United Nations General Debate, 81st Session | #UNGA","https://www.youtube.com/watch?v=ocxTNopUYVE","","","",""
"7bEk8deBxBg","address","VC","Saint Vincent and Grenadines","Prime Minister","🇻🇨 Saint Vincent and Grenadines - Prime Minister Addresses UN General Assembly 81st Session | #UNGA","https://www.youtube.com/watch?v=7bEk8deBxBg","","","",""
"xTa6daA4BBc","address","WS","Samoa","Deputy Prime Minister","🇼🇸 Samoa - Deputy Prime Minister Addresses United Nations General Debate, 81st Session | #UNGA","https://www.youtube.com/watch?v=xTa6daA4BBc","","","",""
"VvNTEOD6ziI","address","SM","San Marino","Foreign Minister","🇸🇲 San Marino - Foreign Minister Addresses United Nations General Debate, 81st Session | #UNGA","https://www.youtube.com/watch?v=VvNTEOD6ziI","","","",""
"ztPI8oFfwnc","address","ST","Sao Tome and Principe","Minister","🇸🇹 Sao Tome and Principe - Minister Addresses United Nations General Assembly 81st Session | #UNGA","https://www.youtube.com/watch?v=ztPI8oFfwnc","","","",""
"C63mBZXfNns","address","SA","Saudi Arabia","Foreign Minister","🇸🇦 Saudi Arabia - Foreign Minister Addresses United Nations General Debate, 81st Session | #UNGA","https://www.youtube.com/watch?v=C63mBZXfNns","","","",""
"G2rcIQGsH_s","address","SN","Senegal","President","🇸🇳 Senegal - President Addresses United Nations General Debate, 81st Session | #UNGA","https://www.youtube.com/watch?v=G2rcIQGsH_s","","","",""
"qLTigVu8VJI","address","RS","Serbia","President","🇷🇸 Serbia - President Addresses United Nations General Assembly 81st Session | #UNGA","https://www.youtube.com/watch?v=qLTigVu8VJI","","","",""
"PFUgajtLM3Q","address","SC","Seychelles","President","🇸🇨 Seychelles - President Addresses United Nations General Debate, 81st Session | #UNGA","https://www.youtube.com/watch?v=PFUgajtLM3Q","","","",""
"c96uVNixulU","address","SL","Sierra Leone","President","🇸🇱 Sierra Leone - President Addresses United Nations General Debate, 81st Session | #UNGA","https://www.youtube.com/watch?v=c96uVNixulU","","","",""
"CxIZRezqyG0","address","SG","Singapore","Foreign Minister","🇸🇬 Singapore - Foreign Minister Addresses United Nations General Debate, 81st Session | #UNGA","https://www.youtube.com/watch?v=CxIZRezqyG0","","","",""
"6j2RIATwOzc","address","SK","Slovakia","President","🇸🇰 Slovakia - President Addresses United Nations General Debate, 81st Session | #UNGA","https://www.youtube.com/watch?v=6j2RIATwOzc","","","",""
"QukYQdGXo4M","address","SI","Slovenia","Prime Minister","🇸🇮 Slovenia -  Prime Minister Addresses United Nations General Assembly 81st Session | #UNGA","https://www.youtube.com/watch?v=QukYQdGXo4M","","","",""
"NFtbV2NJT3s","address","SB","Solomon Islands","Prime Minister","🇸🇧 Solomon Islands - Prime Minister Addresses United Nations General Debate, 81st Session | #UNGA","https://www.youtube.com/watch?v=NFtbV2NJT3s","","","",""
"a0O-wwrugPc","address","SO","Somalia","President","🇸🇴 Somalia - President Addresses United Nations General Debate, 81st Session | #UNGA","https://www.youtube.com/watch?v=a0O-wwrugPc","","","",""
"iYM6_Rf-9UQ","address","ZA","South Africa","Minister","🇿🇦 South Africa - Minister Addresses United Nations General Assembly 81st Session | #UNGA","https://www.youtube.com/watch?v=iYM6_Rf-9UQ","","","",""
"Q7A7lAViy-8","address","ES","Spain","President","🇪🇸 Spain - President Addresses United Nations General Assembly 81st Session | #UNGA","https://www.youtube.com/watch?v=Q7A7lAViy-8","","","",""
"6Rj3JRysFr0","address","PS","State of Palestine","President","🇵🇸 State of Palestine - President Addresses United Nations General Debate, 81st Session | #UNGA","https://www.youtube.com/watch?v=6Rj3JRysFr0","","","",""
"9Ikk1ulwS8Y","address","SR","Suriname","President","🇸🇷 Suriname - President Addresses United Nations General Debate, 81st Session | #UNGA","https://www.youtube.com/watch?v=9Ikk1ulwS8Y","","","",""
"EQXHpLqnagc","address","SE","Sweden","Foreign Minister","🇸🇪 Sweden - Foreign Minister Addresses United Nations General Assembly 81st Session | #UNGA","https://www.youtube.com/watch?v=EQXHpLqnagc","","","",""
"uPiBG0xlPGU","address","CH","Switzerland","President","🇨🇭 Switzerland - President Addresses United Nations General Debate, 81st Session | #UNGA","https://www.youtube.com/watch?v=uPiBG0xlPGU","","","",""
"gf8zwv7cvFQ","address","SY","Syria","President","🇸🇾 Syria - President Addresses United Nations General Debate, 81st Session | #UNGA","https://www.youtube.com/watch?v=gf8zwv7cvFQ","","","",""
"tf_EDmSVVlc","address","TJ","Tajikistan","Foreign Minister","🇹🇯 Tajikistan - Foreign Minister Addresses United Nations General Debate, 81st Session | #UNGA","https://www.youtube.com/watch?v=tf_EDmSVVlc","","","",""
"QyMJqIFJjVU","address","TZ","Tanzania","Vice President","🇹🇿  Tanzania - Vice President Addresses United Nations General Debate, 81st Session | #UNGA","https://www.youtube.com/watch?v=QyMJqIFJjVU","","","",""
"e-Qg_ZkagmE","address","TH","Thailand","Prime Minister","🇹🇭 Thailand -  Prime Minister Addresses United Nations General Assembly 81st Session | #UNGA","https://www.youtube.com/watch?v=e-Qg_ZkagmE","","","",""
"5mjpk3eD1Eg","address","TL","Timor-Leste","President","🇹🇱 Timor-Leste - President Addresses United Nations General Debate, 81st Session | #UNGA","https://www.youtube.com/watch?v=5mjpk3eD1Eg","","","",""
"8OSmZjFypRo","address","TG","Togo","Minister of Foreign Affairs","🇹🇬 Togo - Minister of Foreign Affairs Addresses UN General Debate, 81st Session | #UNGA","https://www.youtube.com/watch?v=8OSmZjFypRo","","","",""
"R86D521hq3s","address","TO","Tonga","Prime Minister","🇹🇴 Tonga - Prime Minister Addresses United Nations General Debate, 81st Session | #UNGA","https://www.youtube.com/watch?v=R86D521hq3s","","","",""
"neHsR0Sa-Eg","address","TT","Trinidad and Tobago","Prime Minister","🇹🇹 Trinidad and Tobago - Prime Minister Addresses UN General Debate, 81st Session | #UNGA","https://www.youtube.com/watch?v=neHsR0Sa-Eg","","","",""
"uDX-Gcas9yc","address","TN","Tunisia","Foreign Minister","🇹🇳 Tunisia - Foreign Minister Addresses United Nations General Debate, 81st Session | #UNGA","https://www.youtube.com/watch?v=uDX-Gcas9yc","","","",""
"vzMvHnQFlwI","address","TV","Tuvalu","Prime Minister","🇹🇻 Tuvalu - Prime Minister Addresses United Nations General Debate, 81st Session | #UNGA","https://www.youtube.com/watch?v=vzMvHnQFlwI","","","",""
"ps02F0YXYWc","address","TR","Türkiye","President","🇹🇷 Türkiye - President Addresses United Nations General Debate, 81st Session | #UNGA","https://www.youtube.com/watch?v=ps02F0YXYWc","","","",""
"ko-MqppeG_E","address","UG","Uganda","Vice President","🇺🇬 Uganda - Vice President Addresses United Nations General Assembly 81st Session | #UNGA","https://www.youtube.com/watch?v=ko-MqppeG_E","","","",""
"Dw0lNsV_b30","address","UA","Ukraine","President","🇺🇦 Ukraine - President Addresses United Nations General Debate, 81st Session | #UNGA","https://www.youtube.com/watch?v=Dw0lNsV_b30","","","",""
"mOjgtgEXSmw","address","GB","United Kingdom","Prime Minister","🇬🇧 United Kingdom - Prime Minister Addresses United Nations General Debate, 81st Session | #UNGA","https://www.youtube.com/watch?v=mOjgtgEXSmw","","","",""
"-O7F0hDz0mI","address","US","United States of America","President","🇺🇸 United States of America - President Addresses United Nations General Debate, 81st Session","https://www.youtube.com/watch?v=-O7F0hDz0mI","","","",""
"wFZtvxcWaOA","address","UY","Uruguay","President","🇺🇾 Uruguay - President Addresses United Nations General Debate, 81st Session | #UNGA","https://www.youtube.com/watch?v=wFZtvxcWaOA","","","",""
"GZzYK26pogk","address","UZ","Uzbekistan","Head of Administration","🇺🇿 Uzbekistan - Head of Administration Addresses United Nations General Debate, 81st Session | #UNGA","https://www.youtube.com/watch?v=GZzYK26pogk","","","",""
"4sDPeOsLg0Y","address","VE","Venezuela","Acting President","🇻🇪 Venezuela - Acting President Addresses United Nations General Debate, 81st Session | #UNGA","https://www.youtube.com/watch?v=4sDPeOsLg0Y","","","",""
"GggXTf6RAGU","address","VN","Viet Nam","President","🇻🇳 Viet Nam - President Addresses United Nations General Debate, 81st Session | #UNGA","https://www.youtube.com/watch?v=GggXTf6RAGU","","","",""
"rXg7QGRaLuo","address","YE","Yemen","Vice President","🇾🇪 Yemen - Vice President Addresses United Nations General Debate, 81st Session | #UNGA","https://www.youtube.com/watch?v=rXg7QGRaLuo","","","",""
"F-ZpB9aY_bI","address","ZM","Zambia","Foreign Minister","🇿🇲 Zambia - Foreign Minister Addresses United Nations General Debate, 81st Session | #UNGA","https://www.youtube.com/watch?v=F-ZpB9aY_bI","","","",""
"U6Khq8oZLP4","address","ZW","Zimbabwe","President","🇿🇼 Zimbabwe - President Addresses United Nations General Debate, 81st Session | #UNGA","https://www.youtube.com/watch?v=U6Khq8oZLP4","","","",""
"VHWW2ouhQ9w","reply","AR","Argentina","","🇦🇷 Argentina - First Right of Reply, United Nations General Debate, 81st Session | #UNGA","https://www.youtube.com/watch?v=VHWW2ouhQ9w","","error:IpBlocked","",""
"gsbO7e9VCfc","reply","","Guatemala, Japan","","🇺🇳 Guatemala, Japan - Right of Replies (26 Sep) - UN General Debate, 81st Session | #UNGA","https://www.youtube.com/watch?v=gsbO7e9VCfc","","","",""
"ebkN48G7Sho","reply","","India, Pakistan","","🇺🇳 India, Pakistan - Right of Replies (25 Sep) - United Nations General Debate, 81st Session | #UNGA","https://www.youtube.com/watch?v=ebkN48G7Sho","","","",""
"oiJRZKXOPPo","reply","","Iran, Türkiye, Qatar","","🇺🇳 Iran, Türkiye, Qatar - Right of Replies (24 Sep), UN General Debate, 81st Session | #UNGA","https://www.youtube.com/watch?v=oiJRZKXOPPo","","","",""
