"story_id","update_id","date","headline","summary","source_name","url","status","severity","origin","found_at"
"st-20260324-us-iran-strikes","st-20260324-us-iran-strikes-u001","2026-03-24","US and Israel strike vicinity of Bushehr nuclear facility, per Iranian state media","Iranian state media reports US and Israeli strikes near the Bushehr nuclear plant, days after Natanz was hit — the opening beats of the spring escalation.","Spectator Index","","developing","4","intel_feed","2026-07-18T02:06:12Z"
"st-20260324-us-iran-strikes","st-20260324-us-iran-strikes-u002","2026-04-06","Iran fires successive missile waves at Israel; interceptions over central Israel","Three volleys of Iranian missiles launched at Israel in one night, with blasts and interceptions reported over central Israel; parallel drone attacks target Kuwaiti power and desalination plants.","Spectator Index","","developing","4","intel_feed","2026-07-18T02:06:12Z"
"st-20260324-us-iran-strikes","st-20260324-us-iran-strikes-u003","2026-04-12","Vance: Iran rejected 'final and best' US offer; Trump floats naval blockade","VP Vance says Iran would not shift on key nuclear demands after the US presented its final offer; Trump shares an article suggesting he has the option of enforcing a naval blockade on Iran.","Spectator Index","","developing","5","intel_feed","2026-07-18T02:06:12Z"
"st-20260324-us-iran-strikes","st-20260324-us-iran-strikes-u004","2026-04-15","US military: blockade of Iranian ports 'fully implemented', halting seaborne trade","US military says no Iranian ships were allowed through and that the blockade has completely halted economic trade into and out of Iran by sea.","Spectator Index","","confirmed","4","intel_feed","2026-07-18T02:06:12Z"
"st-20260324-us-iran-strikes","st-20260324-us-iran-strikes-u005","2026-04-18","Iran effectively re-closes the Strait of Hormuz, demands US lift blockade first","The Iranian military says the US must lift its port blockade before the Strait reopens; US prepares to board Iran-linked tankers in international waters.","Spectator Index","","developing","4","intel_feed","2026-07-18T02:06:12Z"
"st-20260324-us-iran-strikes","st-20260324-us-iran-strikes-u006","2026-04-27","Rubio: Hormuz closure is an 'economic nuclear weapon' Iran is using against the world","Secretary of State Rubio frames Iran's control of the Strait of Hormuz as an economic weapon; Iranian tankers cluster just short of the US blockade line.","Spectator Index","","developing","5","intel_feed","2026-07-18T02:06:12Z"
"st-20260324-us-iran-strikes","st-20260324-us-iran-strikes-u007","2026-05-04","Iran fires missiles and drones at US warships entering Hormuz during 'Project Freedom'","Iran attacks US Navy warships transiting the Strait during the US 'Project Freedom' freedom-of-navigation operation; US denies any warship was hit.","Spectator Index","","developing","5","intel_feed","2026-07-18T02:06:12Z"
"st-20260324-us-iran-strikes","st-20260324-us-iran-strikes-u008","2026-05-06","US and Iran near 14-point MOU — 30-day nuclear talks, Hormuz reopening; oil drops 10%","Axios reports a one-page MOU framework: 30-day nuclear talks, Strait reopening and sanctions relief. WTI crude plunges over 10% and Brent falls below $100 as markets price in a deal.","Spectator Index","","developing","5","intel_feed","2026-07-18T02:06:12Z"
"st-20260324-us-iran-strikes","st-20260324-us-iran-strikes-u009","2026-05-10","Iran formally rejects US demand to dismantle nuclear facilities","Tehran rejects dismantlement, deepening the war-ending impasse; IRGC drone strikes cargo vessel Aqua 1 in Qatari waters the same day.","Spectator Index","","developing","5","intel_feed","2026-07-18T02:06:12Z"
"st-20260324-us-iran-strikes","st-20260324-us-iran-strikes-u010","2026-05-27","US strikes Iranian drone-launch facility near Bandar Abbas","Three explosions near Bandar Abbas as the US hits a drone launch site near the Strait of Hormuz, following Iranian drone attacks on a US commercial vessel (all intercepted).","Spectator Index","","developing","5","intel_feed","2026-07-18T02:06:12Z"
"st-20260324-us-iran-strikes","st-20260324-us-iran-strikes-u011","2026-06-02","Iran launches simultaneous missile attacks on Kuwait, Bahrain and Iraq","A massive Gulf-wide strike wave follows US hits on Iranian radar and telecom sites; Kuwait activates air defenses during the coordinated attack.","Spectator Index","","developing","5","intel_feed","2026-07-18T02:06:12Z"
"st-20260324-us-iran-strikes","st-20260324-us-iran-strikes-u012","2026-06-08","Israel strikes Tehran, Isfahan and Tabriz in coordinated raids","IDF confirms strikes across western and central Iran including three major cities simultaneously, after Iran's missile barrage on Israeli territory.","Spectator Index","","confirmed","5","intel_feed","2026-07-18T02:06:12Z"
"st-20260324-us-iran-strikes","st-20260324-us-iran-strikes-u013","2026-06-10","Second night of US strikes; IRGC fires 12 ballistic missiles at Al-Azraq airbase, Jordan","US hits surveillance, communications and air-defense targets for a second consecutive night; Jordanian defenses intercept all 20 projectiles aimed at Al-Azraq, and IRGC drones hit Bahrain's Sheikh Isa airbase.","Spectator Index","","developing","5","intel_feed","2026-07-18T02:06:12Z"
"st-20260324-us-iran-strikes","st-20260324-us-iran-strikes-u014","2026-06-17","US and Iran sign MOU ending the war: Hormuz reopening, sanctions relief, 60-day talks","Both sides electronically sign the war-ending memorandum; White House confirms Trump's signature. Framework includes a $300B investment fund for Iran partly committed by Gulf states.","Spectator Index","","confirmed","5","intel_feed","2026-07-18T02:06:12Z"
"st-20260324-us-iran-strikes","st-20260324-us-iran-strikes-u015","2026-06-26","Ceasefire frays: US strikes Sirik and Qeshm after IRGC tanker attack near Hormuz","Two-day US bombing campaign along the Strait targets missile storage and radar sites after an IRGC attack on a cargo ship; Trump warns Iran 'you will find out'.","Spectator Index","","developing","5","intel_feed","2026-07-18T02:06:12Z"
"st-20260324-us-iran-strikes","st-20260324-us-iran-strikes-u016","2026-06-28","IRGC hits Fifth Fleet HQ area in Bahrain; sides agree to Doha technical talks","IRGC claims strikes on 8 US military targets including Port Salman and Ali Al Salem airbase; hours later the US and Iran agree to halt tit-for-tat strikes and meet in Doha June 30.","Spectator Index","","developing","5","intel_feed","2026-07-18T02:06:12Z"
"st-20260324-us-iran-strikes","st-20260324-us-iran-strikes-u017","2026-07-07","IRGC missiles hit three ships in Hormuz; Trump declares ceasefire over, strikes resume","Iran breaks the 3-week-old ceasefire by firing on commercial shipping; the US launches a new wave of airstrikes across southern Iran the same day.","Spectator Index","","confirmed","5","intel_feed","2026-07-18T02:06:12Z"
"st-20260324-us-iran-strikes","st-20260324-us-iran-strikes-u018","2026-07-08","US says it struck more than 80 targets inside Iran in a single day","Renewed explosions on Qeshm and Kharg islands; IRGC claims it downed a US MQ-9 Reaper over Bushehr province.","Spectator Index","","developing","5","intel_feed","2026-07-18T02:06:12Z"
"st-20260324-us-iran-strikes","st-20260324-us-iran-strikes-u019","2026-07-12","CENTCOM strikes ~140 Iranian military targets in major escalation","The largest single-day target count of the renewed campaign; Iran responds overnight with ballistic missile launches.","Spectator Index","","developing","5","intel_feed","2026-07-18T02:06:12Z"
"st-20260324-us-iran-strikes","st-20260324-us-iran-strikes-u020","2026-07-13","Iranian cruise missiles hit two UAE oil tankers in Hormuz, killing one crew member","IRGC missile/drone strikes also hit US-linked bases in Bahrain and Kuwait in retaliation for the US campaign; oil prices spike over 10%.","Spectator Index","","confirmed","5","intel_feed","2026-07-18T02:06:12Z"
"st-20260324-us-iran-strikes","st-20260324-us-iran-strikes-u021","2026-07-14","US reimposes naval blockade of Iran — 20+ warships, hundreds of aircraft","The blockade announced and confirmed active within hours; Trump threatens Iran's bridges and power plants next unless Tehran resumes negotiations.","Spectator Index","","confirmed","4","intel_feed","2026-07-18T02:06:12Z"
"st-20260324-us-iran-strikes","st-20260324-us-iran-strikes-u022","2026-07-15","IRGC declares the Strait of Hormuz fully closed until US strikes stop","Iran declares the Strait fully closed, disputed by Trump; transits have fallen roughly 60% amid the fighting.","Spectator Index","","confirmed","5","intel_feed","2026-07-18T02:06:12Z"
"st-20260422-fifa-world-cup-2026","st-20260422-fifa-world-cup-2026-u001","2026-04-22","Trump administration asked FIFA to replace Iran with Italy at the World Cup","The US administration lobbies FIFA to swap Iran for Italy (which failed to qualify) at the upcoming tournament — geopolitics colliding with the World Cup before a ball is kicked.","Spectator Index","","developing","2","intel_feed","2026-07-18T02:06:12Z"
"st-20260422-fifa-world-cup-2026","st-20260422-fifa-world-cup-2026-u002","2026-06-12","World Cup 2026 group stage under way","Early results: Canada 1-1 Bosnia and Herzegovina; USA beat Paraguay 4-1 the following night.","Spectator Index","","developing","1","intel_feed","2026-07-18T02:06:12Z"
"st-20260422-fifa-world-cup-2026","st-20260422-fifa-world-cup-2026-u003","2026-06-20","USA, Mexico and Germany are first teams into the knockout phase","Germany beat Ivory Coast 2-1; Turkey become the first team eliminated after losing 1-0 to Paraguay.","Spectator Index","","developing","1","intel_feed","2026-07-18T02:06:12Z"
"st-20260422-fifa-world-cup-2026","st-20260422-fifa-world-cup-2026-u004","2026-06-25","Shock in the groups: Ecuador beat Germany 2-1, eliminating them","Germany go out in the group stage despite qualifying early for the knockouts being expected; Brazil, Morocco and South Africa advance the same week.","Spectator Index","","developing","1","intel_feed","2026-07-18T02:06:12Z"
"st-20260422-fifa-world-cup-2026","st-20260422-fifa-world-cup-2026-u005","2026-06-28","Round-of-16 bracket set; Messi leads scorers with 6 goals","16-team knockout bracket announced across 16 host cities; Messi tops the golden-boot standings after the group stage ahead of Mbappe.","Spectator Index","","developing","1","intel_feed","2026-07-18T02:06:12Z"
"st-20260422-fifa-world-cup-2026","st-20260422-fifa-world-cup-2026-u006","2026-07-07","Argentina come back from 2-0 down to beat Egypt 3-2 in injury time","Quarter-final fixtures set: France-Morocco, Spain-Belgium, Norway-England, Argentina-Switzerland. Messi on 8 goals leads scorers.","Spectator Index","","developing","1","intel_feed","2026-07-18T02:06:12Z"
"st-20260422-fifa-world-cup-2026","st-20260422-fifa-world-cup-2026-u007","2026-07-09","France beat Morocco 2-0 to reach the semi-finals","Goals from Mbappe and Dembele send France through.","Spectator Index","","developing","1","intel_feed","2026-07-18T02:06:12Z"
"st-20260422-fifa-world-cup-2026","st-20260422-fifa-world-cup-2026-u008","2026-07-11","England beat Norway in extra time to reach the semi-finals","England come from behind twice, taking the tie to extra time before winning it.","Spectator Index","","developing","1","intel_feed","2026-07-18T02:06:12Z"
"st-20260422-fifa-world-cup-2026","st-20260422-fifa-world-cup-2026-u009","2026-07-12","Argentina beat Switzerland to set up a semi-final against England","Argentina win in extra time; the semi-final lineup is France-Spain and Argentina-England.","Spectator Index","","developing","1","intel_feed","2026-07-18T02:06:12Z"
"st-20260422-fifa-world-cup-2026","st-20260422-fifa-world-cup-2026-u010","2026-07-14","Spain beat France to become the first team into the World Cup final","Spain lead 2-0 through the second half and hold on to reach the final, where they await the winner of Argentina vs England.","Spectator Index","","confirmed","1","intel_feed","2026-07-18T02:06:12Z"
"st-20260511-ukraine-corruption","st-20260511-ukraine-corruption-u001","2026-05-08","Analysis: corruption scandals undermining Ukraine more than Russian attacks","Six months after Operation Midas exposed the $100M Energoatom kickback scheme, the political damage keeps widening — with Mindich in Israel and ex-ministers Chernyshov and Halushchenko among nine charged.","EU Reporter","https://www.eureporter.co/world/2026/05/08/corruption-scandals-undermine-ukraine-more-than-russian-attacks/","developing","3","websearch","2026-07-18T02:06:12Z"
"st-20260511-ukraine-corruption","st-20260511-ukraine-corruption-u002","2026-05-11","NABU charges ex-presidential chief of staff Andriy Yermak with money laundering","NABU/SAPO allege over 460M hryvnias (~$8.9M) was funneled through shell companies, cash transactions and fictitious documents into the luxury 'Dynasty' residential complex in Kozyn outside Kyiv — the highest-profile charge of Zelensky's tenure.","Kyiv Independent","https://kyivindependent.com/breaking-zelenskys-former-second-in-command-yermak-charged-in-major-corruption-probe/","confirmed","4","websearch","2026-07-18T02:06:12Z"
"st-20260511-ukraine-corruption","st-20260511-ukraine-corruption-u003","2026-05-13","Yermak appears before the High Anti-Corruption Court; bail set at 180M hryvnias","The court opens hearings on a detention motion in the ~$10.5M laundering case; bail is set at almost €3.5M. Properties in the scheme are linked to Mindich, Chernyshov, and individuals identified by media as Yermak and Zelensky.","Al Jazeera","https://www.aljazeera.com/news/2026/5/13/zelenskyys-ex-chief-of-staff-appears-in-court-in-money-laundering-case","confirmed","3","websearch","2026-07-18T02:06:12Z"
"st-20260511-ukraine-corruption","st-20260511-ukraine-corruption-u004","2026-05-15","Yermak probe framed as a test for Ukraine and a dilemma for Zelensky","Western coverage casts the case as a test of Ukraine's anti-corruption institutions — the same ones Zelensky tried to subordinate via Law 12414 last summer before protests forced a repeal.","France 24","https://www.france24.com/en/europe/20260515-test-for-ukraine-dilemma-zelensky-what-stake-andriy-yermak-corruption-probe","developing","2","websearch","2026-07-18T02:06:12Z"
"st-20260511-ukraine-corruption","st-20260511-ukraine-corruption-u005","2026-05-16","Yermak taken into pre-trial detention after three-day hearing","After a three-day hearing in Kyiv, Yermak is detained on money-laundering charges; he says he cannot pay the ~$3.2M bail.","Hromadske","https://hromadske.ua/en/amp/ukraine/263877-chy-realno-pobachyty-2-za-gratamy-rozbyrayemo-spravu-andriia-yermaka","developing","3","websearch","2026-07-18T02:06:12Z"
"st-20260511-ukraine-corruption","st-20260511-ukraine-corruption-u006","2026-06-23","While under NABU suspicion, Yermak co-founds law firm 'Edvox' in Vinnytsia","A new legal entity is registered in Vinnytsia with Yermak listed as co-founder — a sign he is rebuilding a private career while the case proceeds.","Inkorr","https://inkorr.com/en/amp/ermak-stav-spivzasnovnikom-urfirmi-u-vinnici-z-pidozrou-nabu-339957","developing","2","websearch","2026-07-18T02:06:12Z"
"st-20260324-us-iran-strikes","st-20260324-us-iran-strikes-u023","2026-07-15","IRGC declares the Strait of Hormuz fully closed until US strikes on Iran stop, disputed by Trump.","IRGC declares the Strait of Hormuz fully closed until US strikes on Iran stop, disputed by Trump.","Spectator Index","","developing","5","intel_feed","2026-07-18T02:10:59Z"
"st-20260115-venezuela-us","st-20260115-venezuela-us-u001","2025-01-31","Venezuela is set to release six Americans it had detained","","Spectator Index","","developing","3","intel_feed","2026-07-22T01:08:15Z"
"st-20260115-venezuela-us","st-20260115-venezuela-us-u002","2025-02-26","President Trump says he will be reversing the concessions given to Venezuela's Nicolas Maduro","","Spectator Index","","developing","2","intel_feed","2026-07-22T01:08:15Z"
"st-20260115-venezuela-us","st-20260115-venezuela-us-u003","2025-07-27","US Secretary of State Marco Rubio says 'Maduro is not the President of Venezuela and his regime is not the legitimate government'.","","Spectator Index","","developing","3","intel_feed","2026-07-22T01:08:15Z"
"st-20260115-venezuela-us","st-20260115-venezuela-us-u004","2025-08-08","The United States increases reward leading to the arrest of Venezuela's Nicolas Maduro to $50 million","","Spectator Index","","developing","3","intel_feed","2026-07-22T01:08:15Z"
"st-20260115-venezuela-us","st-20260115-venezuela-us-u005","2025-08-29","UNITED STATES: President Trump ordered seven warships carrying 4,500 personnel to the waters off Venezuela, according to Axios report.","","Spectator Index","","developing","2","intel_feed","2026-07-22T01:08:15Z"
"st-20260115-venezuela-us","st-20260115-venezuela-us-u006","2025-08-29","US missile cruiser crosses the Panama Canal to the Caribbean, amid deployment of several Navy vessels towards Venezuela.","","Spectator Index","","developing","3","intel_feed","2026-07-22T01:08:15Z"
"st-20260115-venezuela-us","st-20260115-venezuela-us-u007","2025-09-12","Federal appeals court gives Trump administration the go-ahead to revoke the legal status of over 500,000 migrants from countries such as Cuba, Haiti, Nicaragua and Venezuela.","","Spectator Index","","developing","3","intel_feed","2026-07-22T01:08:15Z"
"st-20260115-venezuela-us","st-20260115-venezuela-us-u008","2025-09-15","Trump says new US strike killed 3 narco-terrorists from Venezuela.","","Spectator Index","","developing","3","intel_feed","2026-07-22T01:08:15Z"
"st-20260115-venezuela-us","st-20260115-venezuela-us-u009","2025-09-26","NBC News reports that US military officials are drawing up options to strike drug traffickers inside Venezuela","","Spectator Index","","developing","3","intel_feed","2026-07-22T01:08:15Z"
"st-20260115-venezuela-us","st-20260115-venezuela-us-u010","2025-10-16","New US strike against narcotics vessel off the coast of Venezuela","","Spectator Index","","developing","3","intel_feed","2026-07-22T01:08:15Z"
"st-20260115-venezuela-us","st-20260115-venezuela-us-u011","2025-10-18","Trump 'aims to topple' Maduro after change in objectives from 'fighting drug traffickers to regime change' in Venezuela, according to Financial Times report.","","Spectator Index","","developing","3","intel_feed","2026-07-22T01:08:15Z"
"st-20260115-venezuela-us","st-20260115-venezuela-us-u012","2025-10-24","US Defense Secretary Hegseth has ordered the deployment of the USS Gerald R. Ford aircraft carrier strike group to SOUTHCOM area near Venezuela","","Spectator Index","","developing","3","intel_feed","2026-07-22T01:08:15Z"
"st-20260115-venezuela-us","st-20260115-venezuela-us-u013","2025-11-24","Axios reports that US officials believe Cuba may kill Nicolas Maduro if he tries to flee Venezuela","","Spectator Index","","developing","3","intel_feed","2026-07-22T01:08:15Z"
"st-20260115-venezuela-us","st-20260115-venezuela-us-u014","2025-11-29","Venezuela condemns Trump statement regarding airspace over the country being completely closed","","Spectator Index","","developing","3","intel_feed","2026-07-22T01:08:15Z"
"st-20260115-venezuela-us","st-20260115-venezuela-us-u015","2025-11-29","Trump told Venezuela's president Maduro that if he didn’t leave power willingly, the United States would consider other options including using force, according to Wall Street Journal report.","","Spectator Index","","developing","3","intel_feed","2026-07-22T01:08:15Z"
"st-20260115-venezuela-us","st-20260115-venezuela-us-u016","2025-12-21","The US military seized a third oil tanker near Venezuela","","Spectator Index","","developing","3","intel_feed","2026-07-22T01:08:15Z"
"st-20260115-venezuela-us","st-20260115-venezuela-us-u017","2025-12-22","China has condemned the US seizing oil tanker off the coast of Venezuela","","Spectator Index","","developing","3","intel_feed","2026-07-22T01:08:15Z"
"st-20260115-venezuela-us","st-20260115-venezuela-us-u018","2025-12-22","Trump says the US will keep oil from tankers seized off the coast of Venezuela","","Spectator Index","","developing","3","intel_feed","2026-07-22T01:08:15Z"
"st-20260115-venezuela-us","st-20260115-venezuela-us-u019","2026-01-14","Venezuela's acting President promises to release more prisoners","","Spectator Index","","developing","3","intel_feed","2026-07-22T01:08:15Z"
"st-20260115-venezuela-us","st-20260115-venezuela-us-u020","2026-01-30","Venezuela issues general amnesty for political prisoners in Venezuela","","Spectator Index","","developing","3","intel_feed","2026-07-22T01:08:15Z"
"st-20260115-venezuela-us","st-20260115-venezuela-us-u021","2026-01-31","Trump says India will buy Venezuelan oil","","Spectator Index","","developing","3","intel_feed","2026-07-22T01:08:15Z"
"st-20260115-venezuela-us","st-20260115-venezuela-us-u022","2026-02-13","USS Gerald R. Ford, the world's largest aircraft carrier, ordered to relocate from Venezuela to the Middle East.","","Spectator Index","","developing","3","intel_feed","2026-07-22T01:08:15Z"
"st-20260115-venezuela-us","st-20260115-venezuela-us-u023","2026-02-19","US Senator Lindsey Graham says that if Trump can 'bring down Cuba, Venezuela and Iran in 2026' that will be 'something bigger than Reagan'.","","Spectator Index","","developing","2","intel_feed","2026-07-22T01:08:15Z"
"st-20260115-venezuela-us","st-20260115-venezuela-us-u024","2026-03-04","Trump says oil is 'beginning to flow' from Venezuela","","Spectator Index","","developing","2","intel_feed","2026-07-22T01:08:15Z"
"st-20260115-venezuela-us","st-20260115-venezuela-us-u025","2026-03-17","The US will ease sanctions on Venezuela to facilitate more oil amid Iran war, according to Bloomberg report.","","Spectator Index","","developing","3","intel_feed","2026-07-22T01:08:15Z"
"st-20260115-venezuela-us","st-20260115-venezuela-us-u026","2026-06-13","BREAKING: Trump says the US has assassinated Venezuelan terror group leader Niño Guerrero","","Spectator Index","","confirmed","4","intel_feed","2026-07-22T01:08:15Z"
"st-20260101-russia-ukraine-war","st-20260101-russia-ukraine-war-u001","2025-01-23","Kremlin says it is ready for 'mutually respectful' dialogue with the United States","","Spectator Index","","developing","3","intel_feed","2026-07-22T01:08:15Z"
"st-20260101-russia-ukraine-war","st-20260101-russia-ukraine-war-u002","2025-02-14","Ukraine says Russian drone hit the shelter that protects the Chernobyl nuclear plant","","Spectator Index","","confirmed","4","intel_feed","2026-07-22T01:08:15Z"
"st-20260101-russia-ukraine-war","st-20260101-russia-ukraine-war-u003","2025-02-24","Putin says Trump is acting on a 'rational approach' to the current situation with Ukraine","","Spectator Index","","developing","3","intel_feed","2026-07-22T01:08:15Z"
"st-20260101-russia-ukraine-war","st-20260101-russia-ukraine-war-u004","2025-02-28","Senate Minority leader Chuck Schumer says Trump and Vance are doing Putin's dirty work","","Spectator Index","","developing","3","intel_feed","2026-07-22T01:08:15Z"
"st-20260101-russia-ukraine-war","st-20260101-russia-ukraine-war-u005","2025-03-17","President Trump is weighing a recognition of Crimea as Russian territory in a bid to end the Russia-Ukraine war, according to Semafor.","","Spectator Index","","developing","3","intel_feed","2026-07-22T01:08:15Z"
"st-20260101-russia-ukraine-war","st-20260101-russia-ukraine-war-u006","2025-03-18","Trump statement on phone call with Putin","","Spectator Index","","developing","3","intel_feed","2026-07-22T01:08:15Z"
"st-20260101-russia-ukraine-war","st-20260101-russia-ukraine-war-u007","2025-03-30","Trump says he Is 'very angry' and 'pissed off' at Putin, threatens to put 'secondary tariffs on oil, on all oil coming out of Russia'","","Spectator Index","","developing","3","intel_feed","2026-07-22T01:08:15Z"
"st-20260101-russia-ukraine-war","st-20260101-russia-ukraine-war-u008","2025-04-20","Trump says hopefully Russia and Ukraine will make a deal this week","","Spectator Index","","developing","3","intel_feed","2026-07-22T01:08:15Z"
"st-20260101-russia-ukraine-war","st-20260101-russia-ukraine-war-u009","2025-04-23","Trump says Russia is 'ready to get a deal' but that dealing with Zelensky is 'harder'","","Spectator Index","","developing","3","intel_feed","2026-07-22T01:08:15Z"
"st-20260101-russia-ukraine-war","st-20260101-russia-ukraine-war-u010","2025-04-25","Trump says Crimea will remain with Russia","","Spectator Index","","developing","3","intel_feed","2026-07-22T01:08:15Z"
"st-20260101-russia-ukraine-war","st-20260101-russia-ukraine-war-u011","2025-05-25","Trump says he is 'not happy with what Putin is doing' and that he is 'killing a lot of people'","","Spectator Index","","developing","3","intel_feed","2026-07-22T01:08:15Z"
"st-20260101-russia-ukraine-war","st-20260101-russia-ukraine-war-u012","2025-06-08","Russia launches ballistic missiles towards Kyiv","","Spectator Index","","developing","3","intel_feed","2026-07-22T01:08:15Z"
"st-20260101-russia-ukraine-war","st-20260101-russia-ukraine-war-u013","2025-06-09","Ukraine says that Russia launched 479 drones last night, marking the biggest drone attack of the war so far.","","Spectator Index","","developing","3","intel_feed","2026-07-22T01:08:15Z"
"st-20260101-russia-ukraine-war","st-20260101-russia-ukraine-war-u014","2025-06-22","Iran's foreign minister says he will head to Moscow today, will meet Putin.","","Spectator Index","","developing","3","intel_feed","2026-07-22T01:08:15Z"
"st-20260101-russia-ukraine-war","st-20260101-russia-ukraine-war-u015","2025-07-11","Russia launches hundreds of drones towards Ukraine","","Spectator Index","","confirmed","4","intel_feed","2026-07-22T01:08:15Z"
"st-20260101-russia-ukraine-war","st-20260101-russia-ukraine-war-u016","2025-07-14","Trump says he is disappointed with Putin, but 'not done' convincing him to end war.","","Spectator Index","","developing","3","intel_feed","2026-07-22T01:08:15Z"
"st-20260101-russia-ukraine-war","st-20260101-russia-ukraine-war-u017","2025-07-15","Trump has privately encouraged Ukraine to 'step up deep strikes on Russian territory' and asked Zelensky if 'he could strike Moscow', according to Financial Times report.","","Spectator Index","","developing","3","intel_feed","2026-07-22T01:08:15Z"
"st-20260101-russia-ukraine-war","st-20260101-russia-ukraine-war-u018","2025-08-23","Reports of fire at Kursk nuclear facility in Russia","","Spectator Index","","confirmed","4","intel_feed","2026-07-22T01:08:15Z"
"st-20260101-russia-ukraine-war","st-20260101-russia-ukraine-war-u019","2025-08-23","Reports of fire at Kursk nuclear facility in Russia, authorities say no risk to general safety.","","Spectator Index","","confirmed","4","intel_feed","2026-07-22T01:08:15Z"
"st-20260101-russia-ukraine-war","st-20260101-russia-ukraine-war-u020","2025-08-28","10 people killed in Russian attack on Kyiv","","Spectator Index","","developing","3","intel_feed","2026-07-22T01:08:15Z"
"st-20260101-russia-ukraine-war","st-20260101-russia-ukraine-war-u021","2025-09-10","Poland has requested NATO talks under Article 4 after Russian drone incursions","","Spectator Index","","developing","3","intel_feed","2026-07-22T01:08:15Z"
"st-20260101-russia-ukraine-war","st-20260101-russia-ukraine-war-u022","2025-09-24","🇷🇺 The Kremlin says that the dynamics of the war against Ukraine are in Russia's favor","","Spectator Index","","developing","3","intel_feed","2026-07-22T01:08:15Z"
"st-20260101-russia-ukraine-war","st-20260101-russia-ukraine-war-u023","2025-09-27","Ukraine says that Russia's military launched 'hundreds' of drones and missiles overnight","","Spectator Index","","confirmed","4","intel_feed","2026-07-22T01:08:15Z"
"st-20260101-russia-ukraine-war","st-20260101-russia-ukraine-war-u024","2025-10-18","Putin 'demanded that Kyiv surrender full control of Donetsk' as condition for ending the war, in phone call with Donald Trump, according to Washington Post report.","","Spectator Index","","developing","3","intel_feed","2026-07-22T01:08:15Z"
"st-20260101-russia-ukraine-war","st-20260101-russia-ukraine-war-u025","2025-10-22","President Trump denies Wall Street Journal report that he has approved Ukraine being allowed to use long range missiles deep into Russian territory, calls it 'fake news'.","","Spectator Index","","developing","3","intel_feed","2026-07-22T01:08:15Z"
"st-20260101-russia-ukraine-war","st-20260101-russia-ukraine-war-u026","2025-10-30","Trump-Putin summit has been officially cancelled","","Spectator Index","","developing","3","intel_feed","2026-07-22T01:08:15Z"
"st-20260101-russia-ukraine-war","st-20260101-russia-ukraine-war-u027","2025-12-19","EU leaders decide to loan $105 billion to Ukraine to fund its defense against Russia","","Spectator Index","","developing","3","intel_feed","2026-07-22T01:08:15Z"
"st-20260101-russia-ukraine-war","st-20260101-russia-ukraine-war-u028","2025-12-29","Russia says that Putin's residence in Novgorod oblast was attacked by Ukrainian drones","","Spectator Index","","developing","3","intel_feed","2026-07-22T01:08:15Z"
"st-20260101-russia-ukraine-war","st-20260101-russia-ukraine-war-u029","2026-04-28","Ukrainian drone attack strikes Russia's Tuapse oil refinery and export depot.","","Spectator Index","","confirmed","4","intel_feed","2026-07-22T01:08:15Z"
"st-20260101-russia-ukraine-war","st-20260101-russia-ukraine-war-u030","2026-05-29","BREAKING: Russian drone impact at an apartment building in eastern Romania","","Spectator Index","","confirmed","4","intel_feed","2026-07-22T01:08:15Z"
"st-20260101-russia-ukraine-war","st-20260101-russia-ukraine-war-u031","2026-06-01","BREAKING: Russian ballistic missile attack on Kyiv","","Spectator Index","","confirmed","5","intel_feed","2026-07-22T01:08:15Z"
"st-20260101-russia-ukraine-war","st-20260101-russia-ukraine-war-u032","2026-06-03","BREAKING: Attack on large Russian oil facility in St Petersburg, hours before start of one of country's biggest business forums","","Spectator Index","","confirmed","4","intel_feed","2026-07-22T01:08:15Z"
"st-20260101-us-midterms-2026","st-20260101-us-midterms-2026-u001","2025-01-03","Mike Johnson re-elected House speaker on first ballot","","Spectator Index","","developing","3","intel_feed","2026-07-22T01:08:15Z"
"st-20260101-us-midterms-2026","st-20260101-us-midterms-2026-u002","2025-03-27","US Congressional Budget Office forecasts that debt-to-GDP will reach 107% in 2029, surpassing the post-WWII peak.","","Spectator Index","","developing","3","intel_feed","2026-07-22T01:08:15Z"
"st-20260101-us-midterms-2026","st-20260101-us-midterms-2026-u003","2025-04-21","Trump's approval rating falls to 42% according to Reuters/Ipsos poll","","Spectator Index","","developing","3","intel_feed","2026-07-22T01:08:15Z"
"st-20260101-us-midterms-2026","st-20260101-us-midterms-2026-u004","2025-05-13","President Trump's approval rating rises two percentage points up to 44% according to new Reuters/Ipsos poll","","Spectator Index","","developing","2","intel_feed","2026-07-22T01:08:15Z"
"st-20260101-us-midterms-2026","st-20260101-us-midterms-2026-u005","2025-05-22","Associated Press reports that Trump has amassed $600 million in political donations and is aiming of reaching $1 billion before the midterms","","Spectator Index","","developing","3","intel_feed","2026-07-22T01:08:15Z"
"st-20260101-us-midterms-2026","st-20260101-us-midterms-2026-u006","2025-06-29","UNITED STATES: Congressional Budget Office estimates the Senate bill will add $3.3 trillion to national debt","","Spectator Index","","developing","2","intel_feed","2026-07-22T01:08:15Z"
"st-20260101-us-midterms-2026","st-20260101-us-midterms-2026-u007","2025-08-18","Trump's approval rating is at 40%, matching the lowest of his current term, according to Reuters/Ipsos poll.","","Spectator Index","","developing","3","intel_feed","2026-07-22T01:08:15Z"
"st-20260101-us-midterms-2026","st-20260101-us-midterms-2026-u008","2025-08-20","Texas House of Representatives passes GOP-backed redistricting map","","Spectator Index","","developing","3","intel_feed","2026-07-22T01:08:15Z"
"st-20260101-us-midterms-2026","st-20260101-us-midterms-2026-u009","2025-08-22","Congressional Budget Office estimates Trump's tariffs could 'reduce the national deficit by $4 trillion over the next decade', according to Reuters report.","","Spectator Index","","developing","3","intel_feed","2026-07-22T01:08:15Z"
"st-20260101-us-midterms-2026","st-20260101-us-midterms-2026-u010","2025-09-30","White House starts ordering agencies to begin implementing government shutdown plans","","Spectator Index","","developing","3","intel_feed","2026-07-22T01:08:15Z"
"st-20260101-us-midterms-2026","st-20260101-us-midterms-2026-u011","2025-09-30","The United States is now less than two hours away from government shutdown coming into effect","","Spectator Index","","developing","3","intel_feed","2026-07-22T01:08:15Z"
"st-20260101-us-midterms-2026","st-20260101-us-midterms-2026-u012","2025-09-30","US government shutdown goes into effect","","Spectator Index","","developing","3","intel_feed","2026-07-22T01:08:15Z"
"st-20260101-us-midterms-2026","st-20260101-us-midterms-2026-u013","2025-10-06","US Senate rejects Republican government funding bill, government shutdown set to continue.","","Spectator Index","","developing","3","intel_feed","2026-07-22T01:08:15Z"
"st-20260101-us-midterms-2026","st-20260101-us-midterms-2026-u014","2025-10-08","The IRS is set to furlough over 34,000 employees, equivalent to nearly half its staff, due to government shutdown.","","Spectator Index","","developing","3","intel_feed","2026-07-22T01:08:15Z"
"st-20260101-us-midterms-2026","st-20260101-us-midterms-2026-u015","2025-10-30","President Trump calls for removal of the filibuster","","Spectator Index","","developing","2","intel_feed","2026-07-22T01:08:15Z"
"st-20260101-us-midterms-2026","st-20260101-us-midterms-2026-u016","2025-11-12","US House approves bill to end government shutdown, sends it to Trump","","Spectator Index","","developing","3","intel_feed","2026-07-22T01:08:15Z"
"st-20260101-us-midterms-2026","st-20260101-us-midterms-2026-u017","2025-11-12","Trump signs spending bill, ending longest government shutdown in the history of the United States.","","Spectator Index","","developing","3","intel_feed","2026-07-22T01:08:15Z"
"st-20260101-us-midterms-2026","st-20260101-us-midterms-2026-u018","2025-11-18","Trump's approval rating falls to 38%, the lowest since his return to the Presidency, according to Reuters/Ipsos poll.","","Spectator Index","","developing","3","intel_feed","2026-07-22T01:08:15Z"
"st-20260101-us-midterms-2026","st-20260101-us-midterms-2026-u019","2025-12-09","🇺🇸 Trump's approval rating has risen to 41%, up from 38% in November, according to Reuters/Ipsos poll.","","Spectator Index","","developing","3","intel_feed","2026-07-22T01:08:15Z"
"st-20260101-us-midterms-2026","st-20260101-us-midterms-2026-u020","2025-12-16","🇺🇸 Trump's approval rating has fallen to 39%, down from 41% earlier in the month, according to Reuters/Ipsos poll.","","Spectator Index","","developing","3","intel_feed","2026-07-22T01:08:15Z"
"st-20260101-us-midterms-2026","st-20260101-us-midterms-2026-u021","2026-01-25","UNITED STATES: Chances of US government shutdown surge to 75%, according to @Kalshi prediction market.","","Spectator Index","","developing","2","intel_feed","2026-07-22T01:08:15Z"
"st-20260101-us-midterms-2026","st-20260101-us-midterms-2026-u022","2026-01-29","UNITED STATES: Chances of US government shutdown on Saturday fall to 35% according to @Kalshi prediction market.","","Spectator Index","","developing","2","intel_feed","2026-07-22T01:08:15Z"
"st-20260101-us-midterms-2026","st-20260101-us-midterms-2026-u023","2026-02-10","Goldman Sachs CEO David Solomon says Trump is 'going to take populist actions' as we head to midterm elections and these actions 'have a tendency to be stimulative' to the economy.","","Spectator Index","","developing","2","intel_feed","2026-07-22T01:08:15Z"
"st-20260101-us-midterms-2026","st-20260101-us-midterms-2026-u024","2026-03-14","The Democratic Party is now at 51% and has overtaken the Republican Party as favorite to win the US Senate, according to prediction market @Kalshi .","","Spectator Index","","developing","2","intel_feed","2026-07-22T01:08:15Z"
"st-20260101-us-midterms-2026","st-20260101-us-midterms-2026-u025","2026-03-16","The Democratic Party now has a 84% chance of winning the US House of Representatives, according to prediction market @Kalshi.","","Spectator Index","","developing","2","intel_feed","2026-07-22T01:08:15Z"
"st-20260101-us-midterms-2026","st-20260101-us-midterms-2026-u026","2026-03-19","Trump approval rating rises to 40% according to Reuters/Ipsos poll.","","Spectator Index","","developing","3","intel_feed","2026-07-22T01:08:15Z"
"st-20260101-us-midterms-2026","st-20260101-us-midterms-2026-u027","2026-04-20","US government debt nears $39 trillion, according to Treasury data. That is up from $37 trillion in August and $38 trillion in October, which was during a federal government shutdown. The Treasury added the most recent $1","","Spectator Index","","developing","2","intel_feed","2026-07-22T01:08:15Z"
"st-20260101-us-midterms-2026","st-20260101-us-midterms-2026-u028","2026-04-28","Trump's approval rating has fallen to 34%, the lowest of his second term, according to Reuters/Ipsos poll.","","Spectator Index","","developing","2","intel_feed","2026-07-22T01:08:15Z"
"st-20260101-us-midterms-2026","st-20260101-us-midterms-2026-u029","2026-05-06","Vivek Ramaswamy has won the Republican primary for Governor of Ohio.","","Spectator Index","","developing","2","intel_feed","2026-07-22T01:08:15Z"
"st-20260101-us-midterms-2026","st-20260101-us-midterms-2026-u030","2026-06-03","BREAKING: The US House of Representatives votes to limit President Trump's war powers in Iran","","Spectator Index","","developing","3","intel_feed","2026-07-22T01:08:15Z"
"st-20260101-us-midterms-2026","st-20260101-us-midterms-2026-u031","2026-06-26","The Democratic Party now has a 79% chance of winning the US House of Representatives, according to prediction market @Kalshi. https://t.co/gM4K2fW6aE","","Spectator Index","","developing","2","intel_feed","2026-07-22T01:08:15Z"
"st-20260101-us-midterms-2026","st-20260101-us-midterms-2026-u032","2026-06-29","There is a 62% chance President Trump will be impeached before the 1st of January, 2028, according to prediction market @Kalshi. https://t.co/R08sjjZgG3","","Spectator Index","","developing","2","intel_feed","2026-07-22T01:08:15Z"
"st-20260115-venezuela-us","st-20260115-venezuela-us-u027","2026-06-13","US SOUTHCOM airstrike kills Tren de Aragua leader Niño Guerrero in Venezuela at Trump's order.","US SOUTHCOM airstrike kills Tren de Aragua leader Niño Guerrero in Venezuela at Trump's order.","Spectator Index","","developing","4","intel_feed","2026-07-22T04:15:53Z"
"st-20260115-venezuela-us","st-20260115-venezuela-us-u028","2026-06-24","Tsunami alert issued for Caribbean after 7.1-magnitude earthquake strikes Venezuela coast.","Tsunami alert issued for Caribbean after 7.1-magnitude earthquake strikes Venezuela coast.","Spectator Index","","developing","5","intel_feed","2026-07-22T04:15:53Z"
"st-20260115-venezuela-us","st-20260115-venezuela-us-u029","2026-06-24","Significant building collapse and infrastructure damage reported across Venezuela following dual earthquakes.","Significant building collapse and infrastructure damage reported across Venezuela following dual earthquakes.","Spectator Index","","developing","5","intel_feed","2026-07-22T04:15:53Z"
"st-20260115-venezuela-us","st-20260115-venezuela-us-u030","2026-06-25","Venezuela declares state of emergency following the most powerful earthquake in 125+ years.","Venezuela declares state of emergency following the most powerful earthquake in 125+ years.","Spectator Index","","developing","5","intel_feed","2026-07-22T04:15:53Z"
"st-20260115-venezuela-us","st-20260115-venezuela-us-u031","2026-06-25","Venezuela earthquake death toll rises to 164; USGS projects final toll could reach 100,000.","Venezuela earthquake death toll rises to 164; USGS projects final toll could reach 100,000.","Spectator Index","","developing","5","intel_feed","2026-07-22T04:15:53Z"
"st-20260115-venezuela-us","st-20260115-venezuela-us-u032","2026-06-26","Venezuela earthquake death toll reaches 235 with 4,300+ injured; USGS warns toll may exceed 10,000.","Venezuela earthquake death toll reaches 235 with 4,300+ injured; USGS warns toll may exceed 10,000.","Spectator Index","","developing","4","intel_feed","2026-07-22T04:15:53Z"
"st-20260115-venezuela-us","st-20260115-venezuela-us-u033","2026-06-27","Venezuela earthquake death toll reaches 920 with 3,360 injured and 50,000+ missing after twin Mw7.2/7.5 quakes.","Venezuela earthquake death toll reaches 920 with 3,360 injured and 50,000+ missing after twin Mw7.2/7.5 quakes.","Spectator Index","","developing","4","intel_feed","2026-07-22T04:15:53Z"
"st-20260115-venezuela-us","st-20260115-venezuela-us-u034","2026-07-05","Venezuela's twin-earthquake death toll rose to 2,954 as of July 4, per official government count.","Venezuela's twin-earthquake death toll rose to 2,954 as of July 4, per official government count.","Spectator Index","","developing","4","intel_feed","2026-07-22T04:15:53Z"
"st-20260115-venezuela-us","st-20260115-venezuela-us-u035","2026-07-10","Venezuela's June 24 twin earthquakes (M7.2/M7.5) death toll passes 4,000, with thousands still missing.","Venezuela's June 24 twin earthquakes (M7.2/M7.5) death toll passes 4,000, with thousands still missing.","Spectator Index","","developing","4","intel_feed","2026-07-22T04:15:53Z"
"st-20260101-us-midterms-2026","st-20260101-us-midterms-2026-u033","2026-06-29","Kalshi prediction market assigns 62% probability of Trump impeachment before Jan 2028.","Kalshi prediction market assigns 62% probability of Trump impeachment before Jan 2028.","Spectator Index","","developing","2","intel_feed","2026-07-22T04:15:53Z"
"st-20260101-us-midterms-2026","st-20260101-us-midterms-2026-u034","2026-07-11","Kalshi prediction market gives Republicans 57% odds of winning the US Senate in the 2026 midterms.","Kalshi prediction market gives Republicans 57% odds of winning the US Senate in the 2026 midterms.","Spectator Index","","developing","1","intel_feed","2026-07-22T04:15:53Z"
"st-20260101-us-midterms-2026","st-20260101-us-midterms-2026-u035","2026-07-12","US Senator Lindsey Graham (R-SC), a leading foreign-policy hawk, has died at 71.","US Senator Lindsey Graham (R-SC), a leading foreign-policy hawk, has died at 71.","Spectator Index","","developing","2","intel_feed","2026-07-22T04:15:53Z"
"st-20260324-us-iran-strikes","st-20260324-us-iran-strikes-u024","2026-07-18","BREAKING: New US strikes on Iran","BREAKING: New US strikes on Iran","Spectator Index","","developing","5","intel_feed","2026-07-22T04:15:53Z"
"st-20260324-us-iran-strikes","st-20260324-us-iran-strikes-u025","2026-07-20","BREAKING: US military says it is carrying out new round of strikes against Iran","BREAKING: US military says it is carrying out new round of strikes against Iran","Spectator Index","","developing","5","intel_feed","2026-07-22T04:15:53Z"
"st-20260511-ukraine-corruption","st-20260511-ukraine-corruption-u007","2026-07-16","Zelensky taps new defence chief as inner-circle turmoil deepens","Amid the political crisis that has forced Zelensky to swap several top 'managers' since Operation Midas and the Yermak case, parliament moves to elect a reshaped government; Rustem Umerov is shifted to secretary of the National Security and Defence Council.","U.S. News / Reuters","https://www.usnews.com/news/world/articles/2026-07-16/ukraines-parliament-to-elect-new-government-amid-outcry-over-defence-chief","developing","3","websearch","2026-07-22T04:16:41Z"
"st-20260511-ukraine-corruption","st-20260511-ukraine-corruption-u008","2026-07-21","Zelensky fires commander-in-chief Syrskii and reshuffles defence leadership after protests","After six days of rare wartime protests in Kyiv over the ouster of defence minister Mykhailo Fedorov, Zelensky dismisses commander-in-chief Oleksandr Syrskii, names Mykhailo Drapatyi to lead the military, and brings back a former defence minister — the latest churn in a leadership shaken by the Operation Midas corruption fallout.","The Guardian","https://www.theguardian.com/world/2026/jul/21/zelenskyy-replaces-military-leader-and-brings-back-defence-minister-he-sacked","developing","4","websearch","2026-07-22T04:16:41Z"
"st-20260324-us-iran-strikes","st-20260324-us-iran-strikes-u026","2026-07-18","US and Iran blow past red lines, lurching back toward all-out war","The preliminary deal collapses as the US strikes Bushehr, Jask, Konarak, Abu Musa and Bandar Abbas while Iran's IRGC claims retaliatory strikes on US installations in Bahrain, Kuwait, Jordan, Qatar and Oman and shuts the Strait of Hormuz.","NPR","https://www.npr.org/2026/07/18/nx-s1-5898916/us-iran-escalate-strikes","developing","5","websearch","2026-07-22T04:16:41Z"
"st-20260101-russia-ukraine-war","st-20260101-russia-ukraine-war-u033","2026-07-20","Ukraine: Deadly Russian attacks severely damage aid warehouses","Ukraine: Deadly Russian attacks severely damage aid warehouses","Spectator Index","","developing","5","intel_feed","2026-07-22T17:16:25Z"
"st-20260101-russia-ukraine-war","st-20260101-russia-ukraine-war-u034","2026-07-21","World News in Brief: Sexual violence in DR Congo, deaths in Ukraine and Russia, crime in Southeast Asia","World News in Brief: Sexual violence in DR Congo, deaths in Ukraine and Russia, crime in Southeast Asia","Spectator Index","","developing","4","intel_feed","2026-07-22T17:16:25Z"
"st-20260101-russia-ukraine-war","st-20260101-russia-ukraine-war-u035","2026-07-22","More warehouses of Russian online retailer Wildberries hit by Ukraine, officials say","More warehouses of Russian online retailer Wildberries hit by Ukraine, officials say","Spectator Index","","developing","4","intel_feed","2026-07-22T17:16:25Z"
"st-20260101-russia-ukraine-war","st-20260101-russia-ukraine-war-u036","2026-07-20","Why a 90-year-old treaty limits NATO in the Black Sea","Why a 90-year-old treaty limits NATO in the Black Sea","Spectator Index","","developing","3","intel_feed","2026-07-22T17:16:25Z"
"st-20260101-russia-ukraine-war","st-20260101-russia-ukraine-war-u037","2026-07-20","Russia says bus strike kills 5 in border region with Ukraine","Russia says bus strike kills 5 in border region with Ukraine","Spectator Index","","developing","5","intel_feed","2026-07-22T17:16:25Z"
"st-20260324-us-iran-strikes","st-20260324-us-iran-strikes-u027","2026-07-22","US renews strikes on Iran as Trump threatens to attack underground nuclear site","US renews strikes on Iran as Trump threatens to attack underground nuclear site","Spectator Index","","developing","4","intel_feed","2026-07-22T17:16:25Z"
"st-20260324-us-iran-strikes","st-20260324-us-iran-strikes-u028","2026-07-22","US expands strikes on 11th straight night of attacks","US expands strikes on 11th straight night of attacks","Spectator Index","","developing","4","intel_feed","2026-07-22T17:16:25Z"
"st-20260324-us-iran-strikes","st-20260324-us-iran-strikes-u029","2026-07-22","Iran toll in Hormuz would set ‘dangerous precedent’ says Rubio","Iran toll in Hormuz would set ‘dangerous precedent’ says Rubio","Spectator Index","","developing","2","intel_feed","2026-07-22T17:16:25Z"
"st-20260324-us-iran-strikes","st-20260324-us-iran-strikes-u030","2026-07-22","Air defences activate in Iran and flames rise from US attacks","Air defences activate in Iran and flames rise from US attacks","Spectator Index","","developing","4","intel_feed","2026-07-22T17:16:25Z"
"st-20260324-us-iran-strikes","st-20260324-us-iran-strikes-u031","2026-07-22","US ‘open’ to negotiations with Iran but Tehran not ‘serious’, Rubio says","US ‘open’ to negotiations with Iran but Tehran not ‘serious’, Rubio says","Spectator Index","","developing","2","intel_feed","2026-07-22T17:16:25Z"
"st-20260422-fifa-world-cup-2026","st-20260422-fifa-world-cup-2026-u011","2026-07-22","FIFA World Cup final draws record viewership in United States","FIFA World Cup final draws record viewership in United States","Spectator Index","","developing","1","intel_feed","2026-07-22T17:16:25Z"
"st-20260511-ukraine-corruption","st-20260511-ukraine-corruption-u009","2026-07-10","Ex-Energoatom security official named suspect in $674K laundering case","NABU named a former Energoatom executive responsible for physical protection and security of nuclear facilities as a suspect, accused of laundering more than 30 million hryvnias ($674,000) between 2023 and 2025, as the 'Midas' investigation continues to expand within the state nuclear operator.","Reuters (via Internazionale)","https://www.internazionale.it/ultime-notizie-reuters/2026/07/10/ex-energoatom-official-named-suspect-in-ukraine-s-biggest-wartime-bribery-probe","developing","3","websearch","2026-07-22T17:18:16Z"
"st-20260115-venezuela-us","st-20260115-venezuela-us-u036","2026-07-22","Maduro back in US court for pretrial hearing, possible June 2027 trial date","Ousted Venezuelan president Nicolas Maduro and his wife Cilia Flores appeared in US federal court for a pretrial scheduling hearing in their drug trafficking case, with a possible trial start date in June 2027. Maduro continues to object to the US military operation that removed him from power. Venezuela is currently run by former VP Delcy Rodriguez, who has struck a warmer tone with Washington as US sanctions on Venezuela's oil sector ease.","U.S. News & World Report","https://www.usnews.com/news/world/articles/2026-07-22/venezuelas-maduro-due-back-in-us-court-in-drug-trafficking-case","developing","2","websearch","2026-07-22T17:18:16Z"
"st-20260101-us-midterms-2026","st-20260101-us-midterms-2026-u036","2026-07-21","Forecasts put House flip odds near 85% for Democrats, Senate still leans GOP","Updated midterm forecasts show Democrats' odds of retaking the House surging to roughly 85%, while Republicans are still projected to hold the Senate at around 53 seats even as Democrats gain ground in prediction markets in states like Alaska, Georgia, and New Hampshire. Democrats need a net gain of four Senate seats to retake control in 2027.","Federal News Network","https://federalnewsnetwork.com/markets/politics/election-odds/","developing","2","websearch","2026-07-22T17:18:16Z"
"st-20260422-fifa-world-cup-2026","st-20260422-fifa-world-cup-2026-u012","2026-07-19","Spain beats Argentina 1-0 in extra time to win 2026 World Cup final","Spain won the 2026 FIFA World Cup, defeating Lionel Messi's Argentina 1-0 on a substitute Ferran Torres extra-time goal at New York New Jersey Stadium in front of more than 80,000 fans. It is Spain's second World Cup title, after 2010.","Olympics.com","https://www.olympics.com/en/news/fifa-world-cup-2026-spain-argentina-final-score-lineups-live-updates","resolution","2","websearch","2026-07-22T17:18:23Z"
"st-20260723-space-companies","st-20260723-space-companies-u001","2026-07-22","Relativity Space to build new Terran R factory near Cape Canaveral","Relativity Space signed an agreement with Space Florida to construct new Terran R manufacturing and test facilities near Cape Canaveral, adding to its Long Beach plant. Florida's transportation department will provide up to $134 million in financing, with officials projecting thousands of new jobs by 2034.","SpaceNews","https://spacenews.com/relativity-space-to-expand-terran-r-production-in-florida/","developing","3","websearch","2026-07-23T00:44:14Z"
"st-20260723-space-companies","st-20260723-space-companies-u002","2026-07-22","Vast creates national-security division led by Melanie Stricklan","Commercial space-station developer Vast established a special programs division led by newly hired SVP Melanie Stricklan. The unit will pursue space-based capabilities for the U.S. defense and intelligence communities.","SpaceNews","https://spacenews.com/vast-establishes-division-for-national-security-projects/","developing","3","websearch","2026-07-23T00:44:14Z"
"st-20260723-space-companies","st-20260723-space-companies-u003","2026-07-20","AI rocket-engine startup LegendSpace raises $29.5M angel round","Beijing-based LegendSpace, a six-month-old startup using AI to accelerate rocket-engine development, raised $29.5 million (200M yuan) in an angel round backed by Vitalbridge and Oriental Fortune Capital. It is developing AI-native liquid engines and has a 2.5-ton-thrust engine in 3D-printed trial production.","SpaceNews","https://spacenews.com/ai-rocket-engine-startup-legendspace-raises-29-5-million-angel-round/","new","3","websearch","2026-07-23T00:44:14Z"
"st-20260723-space-companies","st-20260723-space-companies-u004","2026-07-21","Falcon 9 to launch Northrop Grumman's MRV-1 satellite-servicing craft","SpaceX launched a Falcon 9 carrying Northrop Grumman's MRV-1 robotic servicing spacecraft, designed to extend the life of aging satellites in orbit. It marks continued growth of the commercial on-orbit servicing market.","NASASpaceflight","https://www.nasaspaceflight.com/2026/07/mrv-1-launch/","confirmed","3","websearch","2026-07-23T00:44:14Z"
"st-20260723-space-companies","st-20260723-space-companies-u005","2026-07-18","Space Force triples NSSL Lane 1 launch contract ceiling to $17B","The U.S. Space Force raised the maximum value of its National Security Space Launch Phase 3 Lane 1 contract from $5.6B to $17B to meet rising demand through FY2029. Eligible providers include SpaceX, ULA, Blue Origin, Rocket Lab, Stoke Space, Impulse Space, and Relativity Space.","SpaceNews","https://spacenews.com/space-force-triples-launch-contract-ceiling-amid-rising-demand/","confirmed","4","websearch","2026-07-23T00:44:14Z"
"st-20260723-space-companies","st-20260723-space-companies-u006","2026-07-15","Starship Flight 13 scrubbed as Booster 20 aborts during ignition","SpaceX's Starship Flight 13 attempt was halted when Booster 20 aborted during ignition. SpaceX is targeting a new attempt no earlier than July 23 after an additional booster test.","NASASpaceflight","https://www.nasaspaceflight.com/2026/07/starship-flight-13-flight/","developing","3","websearch","2026-07-23T00:44:14Z"
"st-20260723-space-companies","st-20260723-space-companies-u007","2026-07-08","Rocket Lab reports Electron gains but Neutron delays in H1 2026","Rocket Lab reported progress on its Electron launch cadence alongside schedule slips for its larger Neutron rocket in the first half of 2026. Neutron remains the company's key step toward the medium-lift market.","NASASpaceflight","https://www.nasaspaceflight.com/2026/07/rocket-lab-update-072026/","developing","3","websearch","2026-07-23T00:44:14Z"
"st-20260723-space-companies","st-20260723-space-companies-u008","2026-07-01","Blue Origin accelerates LC-36 recovery after New Glenn anomaly","Following a New Glenn anomaly that severely damaged Launch Complex-36, Blue Origin adopted a hybrid plan to speed the pad's recovery. The move aims to limit disruption to the New Glenn launch manifest.","NASASpaceflight","https://www.nasaspaceflight.com/2026/07/blue-origin-lc-36-recovery-hybrid-plan/","developing","3","websearch","2026-07-23T00:44:14Z"
"st-20260723-space-companies","st-20260723-space-companies-u009","2026-07-01","NASA awards four new lunar lander contracts for Moon Base Phase One","NASA announced four new lunar lander contracts under its Moon Base Phase One effort. The awards broaden the commercial vendor base supporting sustained lunar surface operations.","NASASpaceflight","https://www.nasaspaceflight.com/2026/07/nasa-moon-base-update/","confirmed","3","websearch","2026-07-23T00:44:14Z"
"st-20260101-russia-ukraine-war","st-20260101-russia-ukraine-war-u038","2026-07-22","Ukraine hits two more Russian retailer warehouses","Ukraine hits two more Russian retailer warehouses","Spectator Index","","developing","2","intel_feed","2026-07-23T21:07:35Z"
"st-20260101-russia-ukraine-war","st-20260101-russia-ukraine-war-u039","2026-07-22","Who is Mykhailo Drapatyi, Ukraine's new commander-in-chief?","Who is Mykhailo Drapatyi, Ukraine's new commander-in-chief?","Spectator Index","","developing","2","intel_feed","2026-07-23T21:07:35Z"
"st-20260101-russia-ukraine-war","st-20260101-russia-ukraine-war-u040","2026-07-22","How Russia is luring foreign nationals to fight in Ukraine","How Russia is luring foreign nationals to fight in Ukraine","Spectator Index","","developing","2","intel_feed","2026-07-23T21:07:35Z"
"st-20260101-russia-ukraine-war","st-20260101-russia-ukraine-war-u041","2026-07-22","Ukraine’s new military chief pledges to escalate retaliation against Russia","Ukraine’s new military chief pledges to escalate retaliation against Russia","Spectator Index","","developing","3","intel_feed","2026-07-23T21:07:35Z"
"st-20260101-russia-ukraine-war","st-20260101-russia-ukraine-war-u042","2026-07-23","Russia's businesses under strain from Ukraine's attacks on Wildberries","Russia's businesses under strain from Ukraine's attacks on Wildberries","Spectator Index","","developing","2","intel_feed","2026-07-23T21:07:35Z"
"st-20260101-russia-ukraine-war","st-20260101-russia-ukraine-war-u043","2026-07-23","Several killed as Ukraine, Russia trade attacks deep behind the front line","Several killed as Ukraine, Russia trade attacks deep behind the front line","Spectator Index","","developing","4","intel_feed","2026-07-23T21:07:35Z"
"st-20260324-us-iran-strikes","st-20260324-us-iran-strikes-u032","2026-07-22","US reimposed effectively impenetrable blockade ; Iran at weakest military point in decades : Hegseth","US reimposed effectively impenetrable blockade ; Iran at weakest military point in decades : Hegseth","Spectator Index","","developing","2","intel_feed","2026-07-23T21:07:35Z"
"st-20260324-us-iran-strikes","st-20260324-us-iran-strikes-u033","2026-07-22","War on Iran: Hegseth wants $70B more to keep fighting","War on Iran: Hegseth wants $70B more to keep fighting","Spectator Index","","developing","4","intel_feed","2026-07-23T21:07:35Z"
"st-20260324-us-iran-strikes","st-20260324-us-iran-strikes-u034","2026-07-22","Rubio Says Iran - Backed Houthi Red Sea Blockade Problematic","Rubio Says Iran - Backed Houthi Red Sea Blockade Problematic","Spectator Index","","developing","2","intel_feed","2026-07-23T21:07:35Z"
"st-20260324-us-iran-strikes","st-20260324-us-iran-strikes-u035","2026-07-22","US launches new strikes as Iran warns of regional turmoil","US launches new strikes as Iran warns of regional turmoil","Spectator Index","","developing","4","intel_feed","2026-07-23T21:07:35Z"
"st-20260324-us-iran-strikes","st-20260324-us-iran-strikes-u036","2026-07-22","Iranian missiles show deadly precision amid US-Iran war escalation","Iranian missiles show deadly precision amid US-Iran war escalation","Spectator Index","","developing","2","intel_feed","2026-07-23T21:07:35Z"
"st-20260324-us-iran-strikes","st-20260324-us-iran-strikes-u037","2026-07-22","BREAKING: US military says it has launched more strikes at Iranian military targets and will 'continue to further degrade Iran's ability...","BREAKING: US military says it has launched more strikes at Iranian military targets and will 'continue to further degrade Iran's ability...","Spectator Index","","developing","5","intel_feed","2026-07-23T21:07:35Z"
"st-20260324-us-iran-strikes","st-20260324-us-iran-strikes-u038","2026-07-22","Troublemaker of the region : Rubio warns ASEAN that Iran Hormuz blockade sets dangerous precedent","Troublemaker of the region : Rubio warns ASEAN that Iran Hormuz blockade sets dangerous precedent","Spectator Index","","developing","2","intel_feed","2026-07-23T21:07:35Z"
"st-20260324-us-iran-strikes","st-20260324-us-iran-strikes-u039","2026-07-23","'What was their crime?': BBC visits Iran school where strike killed 120 children","'What was their crime?': BBC visits Iran school where strike killed 120 children","Spectator Index","","developing","4","intel_feed","2026-07-23T21:07:35Z"
"st-20260324-us-iran-strikes","st-20260324-us-iran-strikes-u040","2026-07-23","Iran, Houthis strike tankers as US bombing continues: What’s the latest?","Iran, Houthis strike tankers as US bombing continues: What’s the latest?","Spectator Index","","developing","4","intel_feed","2026-07-23T21:07:35Z"
"st-20260324-us-iran-strikes","st-20260324-us-iran-strikes-u041","2026-07-23","Could Iran become America's next 'forever war'?","Could Iran become America's next 'forever war'?","Spectator Index","","developing","2","intel_feed","2026-07-23T21:07:35Z"
"st-20260324-us-iran-strikes","st-20260324-us-iran-strikes-u042","2026-07-23","Rubio says Iran ‘begging’ for a deal with US but not ready to make one","Rubio says Iran ‘begging’ for a deal with US but not ready to make one","Spectator Index","","developing","4","intel_feed","2026-07-23T21:07:35Z"
"st-20260324-us-iran-strikes","st-20260324-us-iran-strikes-u043","2026-07-23","Yemen's Houthis attack Saudi tanker as US launches more Iran strikes","Yemen's Houthis attack Saudi tanker as US launches more Iran strikes","Spectator Index","","developing","4","intel_feed","2026-07-23T21:07:35Z"
"st-20260115-venezuela-us","st-20260115-venezuela-us-u037","2026-07-22","US judge sets 2027 trial date for Venezuela’s Maduro and wife","US judge sets 2027 trial date for Venezuela’s Maduro and wife","Spectator Index","","developing","3","intel_feed","2026-07-23T21:07:35Z"
"st-20260722-indian-politics","st-20260722-indian-politics-u001","2026-07-22","India opposition leader Gandhi freed after detention at student-led protest","India opposition leader Gandhi freed after detention at student-led protest","Spectator Index","","developing","2","intel_feed","2026-07-23T21:07:35Z"
"st-20260722-indian-politics","st-20260722-indian-politics-u002","2026-07-22","India's Modi government under growing pressure as 'cockroach' protests intensify","India's Modi government under growing pressure as 'cockroach' protests intensify","Spectator Index","","developing","2","intel_feed","2026-07-23T21:07:35Z"
"st-20260722-indian-politics","st-20260722-indian-politics-u003","2026-07-22","Anonymous food donations reach Indian student protesters","Anonymous food donations reach Indian student protesters","Spectator Index","","developing","2","intel_feed","2026-07-23T21:07:35Z"
"st-20260722-indian-politics","st-20260722-indian-politics-u004","2026-07-22","India’s Rahul Gandhi speaks out after release","India’s Rahul Gandhi speaks out after release","Spectator Index","","developing","2","intel_feed","2026-07-23T21:07:35Z"
"st-20260101-us-midterms-2026","st-20260101-us-midterms-2026-u037","2026-07-22","Arizona primary: Feely wins GOP CD1, Shah upsets party pick in Dem primary, Lamb wins GOP CD5","In Arizona's July 21 primaries, former NFL kicker Jay Feely won the Republican nomination in battleground CD1 while Democrat Amish Shah beat the DCCC-backed Marlene Galan-Woods for the Democratic nod. Trump-endorsed ex-sheriff Mark Lamb won the CD5 Republican primary.","NBC News","https://www.nbcnews.com/politics/2026-election/arizona-house-district-one-six-democrat-primary-election-results-rcna588198","developing","2","websearch","2026-07-23T21:11:25Z"
"st-20260101-russia-ukraine-war","st-20260101-russia-ukraine-war-u044","2026-07-22","Zelensky weighs US trip for Lindsey Graham's funeral and Trump meeting","Ukrainian officials say Zelensky is considering a Washington visit before the end of July to attend the July 28 funeral of Senator Lindsey Graham and hold a bilateral meeting with Trump as part of ongoing peace-track diplomacy; the itinerary is not yet finalized.","Kyiv Post","https://www.kyivpost.com/post/80861","developing","3","websearch","2026-07-23T21:11:25Z"
"st-20260722-indian-politics","st-20260722-indian-politics-u005","2026-07-23","Modi pledges fast-track courts for exam paper leaks amid ongoing student protests","Facing continued youth-led 'cockroach' protests over medical entrance exam irregularities, Modi announced plans for fast-track courts to punish paper-leak offenders, his first direct public response to the unrest; protesters are still demanding Education Minister Dharmendra Pradhan's resignation.","Al Jazeera","https://www.aljazeera.com/news/2026/7/23/indias-modi-promises-fast-track-courts-for-exam-fraud-fuelling-protests","developing","2","websearch","2026-07-23T21:11:25Z"
"st-20260723-space-companies","st-20260723-space-companies-u010","2026-07-23","Starship Flight 13 scrubbed again at T-0 after engine ignition failure, now targeting July 24","SpaceX's second Flight 13 launch attempt aborted automatically when 4 Raptor engines failed to ignite. Two Raptors are being swapped out on Booster 20 before the next try, most likely early next week. The flight will carry 20 V3 Starlink satellites, six fitted with cameras to monitor Starship's heat shield.","Space.com","https://www.space.com/news/live/spacex-starship-flight-13-launch-updates-july-23-2026","developing","2","websearch","2026-07-23T21:11:25Z"
"st-20260101-russia-ukraine-war","st-20260101-russia-ukraine-war-u045","2026-07-23","Ukraine New Army Chief Sparks Outrage With Remarks About Russians","Ukraine New Army Chief Sparks Outrage With Remarks About Russians","Spectator Index","","developing","2","intel_feed","2026-07-24T19:00:49Z"
"st-20260101-russia-ukraine-war","st-20260101-russia-ukraine-war-u046","2026-07-23","Russia is holding global food security hostage : Ukraine FM Sybiha urges UN action over Black Sea strikes","Russia is holding global food security hostage : Ukraine FM Sybiha urges UN action over Black Sea strikes","Spectator Index","","developing","4","intel_feed","2026-07-24T19:00:49Z"
"st-20260101-russia-ukraine-war","st-20260101-russia-ukraine-war-u047","2026-07-24","At least 11 killed in Ukraine as Moscow and Kyiv continue to trade attacks","At least 11 killed in Ukraine as Moscow and Kyiv continue to trade attacks","Spectator Index","","developing","4","intel_feed","2026-07-24T19:00:49Z"
"st-20260324-us-iran-strikes","st-20260324-us-iran-strikes-u044","2026-07-23","US strikes on southern Iran infrastructure widen war","US strikes on southern Iran infrastructure widen war","Spectator Index","","developing","4","intel_feed","2026-07-24T19:00:49Z"
"st-20260324-us-iran-strikes","st-20260324-us-iran-strikes-u045","2026-07-23","Stranded seafarers remain trapped as Hormuz shipping stalls","Stranded seafarers remain trapped as Hormuz shipping stalls","Spectator Index","","developing","2","intel_feed","2026-07-24T19:00:49Z"
"st-20260324-us-iran-strikes","st-20260324-us-iran-strikes-u046","2026-07-24","US conducts 13th straight night of strikes on Iranian military infrastructure","US conducts 13th straight night of strikes on Iranian military infrastructure","Spectator Index","","developing","5","intel_feed","2026-07-24T19:00:49Z"
"st-20260324-us-iran-strikes","st-20260324-us-iran-strikes-u047","2026-07-24","US attacks Iran as Houthis allow Chinese ships to pass: What’s the latest?","US attacks Iran as Houthis allow Chinese ships to pass: What’s the latest?","Spectator Index","","developing","2","intel_feed","2026-07-24T19:00:49Z"
"st-20260324-us-iran-strikes","st-20260324-us-iran-strikes-u048","2026-07-24","Bahrain sirens sound amid Iranian retaliatory strikes on US-linked Gulf infrastructure","Bahrain sirens sound amid Iranian retaliatory strikes on US-linked Gulf infrastructure","Spectator Index","","developing","5","intel_feed","2026-07-24T19:00:49Z"
"st-20260324-us-iran-strikes","st-20260324-us-iran-strikes-u049","2026-07-24","US attacks Iran for 13th consecutive night","US attacks Iran for 13th consecutive night","Spectator Index","","developing","4","intel_feed","2026-07-24T19:00:49Z"
"st-20260324-us-iran-strikes","st-20260324-us-iran-strikes-u050","2026-07-24","US and Iran trade more strikes in Gulf as fears of escalation mount","US and Iran trade more strikes in Gulf as fears of escalation mount","Spectator Index","","developing","4","intel_feed","2026-07-24T19:00:49Z"
"st-20260722-indian-politics","st-20260722-indian-politics-u006","2026-07-23","In India, fear has switched sides","In India, fear has switched sides","Spectator Index","","developing","2","intel_feed","2026-07-24T19:00:49Z"
"st-20260722-indian-politics","st-20260722-indian-politics-u007","2026-07-23","CJP protest: The youth movement India's Modi didn't see coming","CJP protest: The youth movement India's Modi didn't see coming","Spectator Index","","developing","2","intel_feed","2026-07-24T19:00:49Z"
"st-20260722-indian-politics","st-20260722-indian-politics-u008","2026-07-24","Indian student protests: What’s next after Modi’s promise on exam leaks?","Indian student protests: What’s next after Modi’s promise on exam leaks?","Spectator Index","","developing","2","intel_feed","2026-07-24T19:00:49Z"
"st-20260511-ukraine-corruption","st-20260511-ukraine-corruption-u010","2026-07-24","Appeals court upholds seizure of Yermak's property in Dynasty case","The Appeals Chamber of Ukraine's High Anti-Corruption Court rejected the defense's appeal and upheld the May 15 ruling seizing former chief of staff Andriy Yermak's property, part of the Operation Midas money-laundering probe tied to the 'Dynasty' elite residential complex near Kyiv.","Interfax-Ukraine","https://en.interfax.com.ua/news/general/1187811.html","developing","3","websearch","2026-07-24T19:02:36Z"
"st-20260101-us-midterms-2026","st-20260101-us-midterms-2026-u038","2026-07-22","House passes stopgap funding bill as shutdown fight moves to Senate ahead of midterms","The House passed a stopgap spending bill to avert a government shutdown, sending the fight to the Senate; GOP senators are wary of a pre-election shutdown battle just weeks before the November midterms.","Baltimore Sun","https://www.baltimoresun.com/2026/07/22/government-shutdown-fight-heads-to-senate-after-house-passes-a-stopgap-bill/","developing","3","websearch","2026-07-24T19:02:36Z"
"st-20260723-space-companies","st-20260723-space-companies-u011","2026-07-23","Rocket Lab lands up to $300M across two new missions, three launches","Rocket Lab secured contracts covering two missions and three launches worth up to $300 million, adding to its launch backlog even as its stock slides in July amid its pending Iridium acquisition.","The Motley Fool","https://www.fool.com/investing/2026/07/23/2-missions-3-launches-300-million-for-rocket-lab/","developing","2","websearch","2026-07-24T19:02:36Z"
"st-20260101-russia-ukraine-war","st-20260101-russia-ukraine-war-u048","2026-07-24","Russian strike on Chernihiv energy facility cuts power to 150,000","A Russian attack on an energy facility in Chernihiv and the surrounding district knocked out power for around 150,000 residents, part of continued strikes on Ukraine's energy grid.","CNBC","https://www.cnbc.com/2026/07/24/russia-ukraine-war-zelenskyy-putin-oil.html","developing","3","websearch","2026-07-24T19:02:36Z"
"st-20260324-us-iran-strikes","st-20260324-us-iran-strikes-u051","2026-07-23","Oil tops $100/barrel as Houthi Red Sea attack adds new front to Hormuz crisis","Crude oil prices passed $100 a barrel after Houthi forces struck vessels in the Red Sea, opening a new front alongside the ongoing US-Iran strikes over the Strait of Hormuz.","CNN","https://www.cnn.com/2026/07/23/world/live-news/iran-war-trump","developing","3","websearch","2026-07-24T19:02:36Z"
"st-20260722-indian-politics","st-20260722-indian-politics-u009","2026-07-23","Rahul Gandhi convenes Congress MPs as Pradhan resignation demand deadlocks Parliament","Rahul Gandhi called a meeting of Congress MPs amid a parliamentary deadlock over the NEET-UG paper leak row, with the Opposition conditioning discussion on Education Minister Dharmendra Pradhan's resignation.","ANI","https://aninews.in/news/national/general-news/parliament-monsoon-session-rahul-gandhi-calls-congress-mps-meeting-at-his-residence-today20260723171804/","developing","2","websearch","2026-07-24T19:02:36Z"
